timestamp,value,classification,date
1517463000,30,Fear,01/02/18
1517549400,15,Extreme Fear,02/02/18
1517635800,40,Fear,03/02/18
1517722200,24,Extreme Fear,04/02/18
1517808600,11,Extreme Fear,05/02/18
1517895000,8,Extreme Fear,06/02/18
1517981400,36,Fear,07/02/18
1518067800,30,Fear,08/02/18
1518154200,44,Fear,09/02/18
1518240600,54,Neutral,10/02/18
1518327000,31,Fear,11/02/18
1518413400,42,Fear,12/02/18
1518499800,35,Fear,13/02/18
1518586200,55,Greed,14/02/18
1518672600,71,Greed,15/02/18
1518759000,67,Greed,16/02/18
1518845400,74,Greed,17/02/18
1518931800,63,Greed,18/02/18
1519018200,67,Greed,19/02/18
1519104600,74,Greed,20/02/18
1519191000,54,Neutral,21/02/18
1519277400,44,Fear,22/02/18
1519363800,39,Fear,23/02/18
1519450200,31,Fear,24/02/18
1519536600,33,Fear,25/02/18
1519623000,37,Fear,26/02/18
1519709400,44,Fear,27/02/18
1519795800,41,Fear,28/02/18
1519882200,38,Fear,01/03/18
1519968600,47,Neutral,02/03/18
1520055000,56,Greed,03/03/18
1520141400,44,Fear,04/03/18
1520227800,55,Greed,05/03/18
1520314200,59,Greed,06/03/18
1520400600,37,Fear,07/03/18
1520487000,39,Fear,08/03/18
1520573400,37,Fear,09/03/18
1520659800,39,Fear,10/03/18
1520746200,40,Fear,11/03/18
1520832600,41,Fear,12/03/18
1520919000,41,Fear,13/03/18
1521005400,40,Fear,14/03/18
1521091800,32,Fear,15/03/18
1521178200,33,Fear,16/03/18
1521264600,31,Fear,17/03/18
1521351000,29,Fear,18/03/18
1521437400,29,Fear,19/03/18
1521523800,37,Fear,20/03/18
1521610200,36,Fear,21/03/18
1521696600,36,Fear,22/03/18
1521783000,28,Fear,23/03/18
1521869400,32,Fear,24/03/18
1521955800,30,Fear,25/03/18
1522042200,31,Fear,26/03/18
1522128600,24,Extreme Fear,27/03/18
1522215000,24,Extreme Fear,28/03/18
1522301400,18,Extreme Fear,29/03/18
1522387800,12,Extreme Fear,30/03/18
1522474200,16,Extreme Fear,31/03/18
1522560600,16,Extreme Fear,01/04/18
1522647000,11,Extreme Fear,02/04/18
1522733400,22,Extreme Fear,03/04/18
1522819800,22,Extreme Fear,04/04/18
1522906200,17,Extreme Fear,05/04/18
1522992600,19,Extreme Fear,06/04/18
1523079000,20,Extreme Fear,07/04/18
1523165400,17,Extreme Fear,08/04/18
1523251800,21,Extreme Fear,09/04/18
1523338200,18,Extreme Fear,10/04/18
1523424600,20,Extreme Fear,11/04/18
1523511000,18,Extreme Fear,12/04/18
1523597400,23,Extreme Fear,13/04/18
1523943000,26,Fear,17/04/18
1524029400,24,Extreme Fear,18/04/18
1524115800,25,Fear,19/04/18
1524202200,26,Fear,20/04/18
1524288600,32,Fear,21/04/18
1524375000,31,Fear,22/04/18
1524461400,28,Fear,23/04/18
1524547800,29,Fear,24/04/18
1524634200,64,Greed,25/04/18
1524720600,47,Neutral,26/04/18
1524807000,55,Greed,27/04/18
1524893400,54,Neutral,28/04/18
1524979800,61,Greed,29/04/18
1525066200,59,Greed,30/04/18
1525152600,56,Greed,01/05/18
1525239000,52,Neutral,02/05/18
1525325400,55,Greed,03/05/18
1525411800,56,Greed,04/05/18
1525498200,63,Greed,05/05/18
1525584600,67,Greed,06/05/18
1525671000,56,Greed,07/05/18
1525757400,62,Greed,08/05/18
1525843800,53,Neutral,09/05/18
1525930200,63,Greed,10/05/18
1526016600,41,Fear,11/05/18
1526103000,44,Fear,12/05/18
1526189400,40,Fear,13/05/18
1526275800,40,Fear,14/05/18
1526362200,40,Fear,15/05/18
1526448600,32,Fear,16/05/18
1526535000,31,Fear,17/05/18
1526621400,37,Fear,18/05/18
1526707800,31,Fear,19/05/18
1526794200,32,Fear,20/05/18
1526880600,41,Fear,21/05/18
1526967000,30,Fear,22/05/18
1527053400,26,Fear,23/05/18
1527139800,27,Fear,24/05/18
1527226200,25,Fear,25/05/18
1527312600,23,Extreme Fear,26/05/18
1527399000,19,Extreme Fear,27/05/18
1527485400,22,Extreme Fear,28/05/18
1527571800,16,Extreme Fear,29/05/18
1527658200,38,Fear,30/05/18
1527744600,25,Fear,31/05/18
1527831000,24,Extreme Fear,01/06/18
1527917400,27,Fear,02/06/18
1528003800,40,Fear,03/06/18
1528090200,41,Fear,04/06/18
1528176600,26,Fear,05/06/18
1528263000,42,Fear,06/06/18
1528349400,38,Fear,07/06/18
1528435800,40,Fear,08/06/18
1528522200,39,Fear,09/06/18
1528608600,24,Extreme Fear,10/06/18
1528695000,15,Extreme Fear,11/06/18
1528781400,19,Extreme Fear,12/06/18
1528867800,19,Extreme Fear,13/06/18
1528954200,17,Extreme Fear,14/06/18
1529040600,26,Fear,15/06/18
1529127000,22,Extreme Fear,16/06/18
1529213400,23,Extreme Fear,17/06/18
1529299800,27,Fear,18/06/18
1529386200,32,Fear,19/06/18
1529472600,34,Fear,20/06/18
1529559000,37,Fear,21/06/18
1529645400,28,Fear,22/06/18
1529731800,17,Extreme Fear,23/06/18
1529818200,15,Extreme Fear,24/06/18
1529904600,16,Extreme Fear,25/06/18
1529991000,21,Extreme Fear,26/06/18
1530077400,18,Extreme Fear,27/06/18
1530163800,20,Extreme Fear,28/06/18
1530250200,16,Extreme Fear,29/06/18
1530336600,22,Extreme Fear,30/06/18
1530423000,27,Fear,01/07/18
1530509400,27,Fear,02/07/18
1530595800,31,Fear,03/07/18
1530682200,33,Fear,04/07/18
1530768600,37,Fear,05/07/18
1530855000,34,Fear,06/07/18
1530941400,34,Fear,07/07/18
1531027800,38,Fear,08/07/18
1531114200,39,Fear,09/07/18
1531200600,37,Fear,10/07/18
1531287000,29,Fear,11/07/18
1531373400,33,Fear,12/07/18
1531459800,29,Fear,13/07/18
1531546200,29,Fear,14/07/18
1531632600,32,Fear,15/07/18
1531719000,36,Fear,16/07/18
1531805400,39,Fear,17/07/18
1531891800,42,Fear,18/07/18
1531978200,44,Fear,19/07/18
1532064600,47,Neutral,20/07/18
1532151000,43,Fear,21/07/18
1532237400,46,Neutral,22/07/18
1532323800,44,Fear,23/07/18
1532410200,49,Neutral,24/07/18
1532496600,54,Neutral,25/07/18
1532583000,53,Neutral,26/07/18
1532669400,47,Neutral,27/07/18
1532755800,54,Neutral,28/07/18
1532842200,54,Neutral,29/07/18
1532928600,53,Neutral,30/07/18
1533015000,48,Neutral,31/07/18
1533101400,39,Fear,01/08/18
1533187800,39,Fear,02/08/18
1533274200,36,Fear,03/08/18
1533360600,31,Fear,04/08/18
1533447000,23,Extreme Fear,05/08/18
1533533400,25,Fear,06/08/18
1533619800,25,Fear,07/08/18
1533706200,23,Extreme Fear,08/08/18
1533792600,19,Extreme Fear,09/08/18
1533879000,21,Extreme Fear,10/08/18
1533965400,18,Extreme Fear,11/08/18
1534051800,18,Extreme Fear,12/08/18
1534138200,21,Extreme Fear,13/08/18
1534224600,16,Extreme Fear,14/08/18
1534311000,18,Extreme Fear,15/08/18
1534397400,21,Extreme Fear,16/08/18
1534483800,19,Extreme Fear,17/08/18
1534570200,24,Extreme Fear,18/08/18
1534656600,27,Fear,19/08/18
1534743000,26,Fear,20/08/18
1534829400,19,Extreme Fear,21/08/18
1534915800,21,Extreme Fear,22/08/18
1535002200,18,Extreme Fear,23/08/18
1535088600,19,Extreme Fear,24/08/18
1535175000,22,Extreme Fear,25/08/18
1535261400,19,Extreme Fear,26/08/18
1535347800,18,Extreme Fear,27/08/18
1535434200,19,Extreme Fear,28/08/18
1535520600,19,Extreme Fear,29/08/18
1535607000,22,Extreme Fear,30/08/18
1535693400,17,Extreme Fear,31/08/18
1535779800,21,Extreme Fear,01/09/18
1535866200,18,Extreme Fear,02/09/18
1535952600,19,Extreme Fear,03/09/18
1536039000,26,Fear,04/09/18
1536125400,17,Extreme Fear,05/09/18
1536211800,14,Extreme Fear,06/09/18
1536298200,17,Extreme Fear,07/09/18
1536384600,18,Extreme Fear,08/09/18
1536471000,13,Extreme Fear,09/09/18
1536557400,15,Extreme Fear,10/09/18
1536643800,18,Extreme Fear,11/09/18
1536730200,14,Extreme Fear,12/09/18
1536816600,20,Extreme Fear,13/09/18
1536903000,23,Extreme Fear,14/09/18
1536989400,24,Extreme Fear,15/09/18
1537075800,28,Fear,16/09/18
1537162200,25,Fear,17/09/18
1537248600,21,Extreme Fear,18/09/18
1537335000,24,Extreme Fear,19/09/18
1537421400,24,Extreme Fear,20/09/18
1537507800,31,Fear,21/09/18
1537594200,35,Fear,22/09/18
1537680600,38,Fear,23/09/18
1537767000,43,Fear,24/09/18
1537853400,37,Fear,25/09/18
1537939800,37,Fear,26/09/18
1538026200,42,Fear,27/09/18
1538112600,42,Fear,28/09/18
1538199000,37,Fear,29/09/18
1538285400,34,Fear,30/09/18
1538371800,35,Fear,01/10/18
1538458200,33,Fear,02/10/18
1538544600,36,Fear,03/10/18
1538631000,29,Fear,04/10/18
1538717400,37,Fear,05/10/18
1538803800,34,Fear,06/10/18
1538890200,29,Fear,07/10/18
1538976600,26,Fear,08/10/18
1539063000,31,Fear,09/10/18
1539149400,28,Fear,10/10/18
1539235800,19,Extreme Fear,11/10/18
1539322200,13,Extreme Fear,12/10/18
1539408600,15,Extreme Fear,13/10/18
1539495000,18,Extreme Fear,14/10/18
1539581400,20,Extreme Fear,15/10/18
1539667800,24,Extreme Fear,16/10/18
1539754200,23,Extreme Fear,17/10/18
1539840600,26,Fear,18/10/18
1539927000,24,Extreme Fear,19/10/18
1540013400,21,Extreme Fear,20/10/18
1540099800,21,Extreme Fear,21/10/18
1540186200,27,Fear,22/10/18
1540272600,24,Extreme Fear,23/10/18
1540359000,23,Extreme Fear,24/10/18
1540445400,25,Fear,25/10/18
1540531800,29,Fear,26/10/18
1540618200,33,Fear,27/10/18
1540704600,35,Fear,28/10/18
1540791000,34,Fear,29/10/18
1540877400,31,Fear,30/10/18
1540963800,32,Fear,31/10/18
1541050200,29,Fear,01/11/18
1541136600,36,Fear,02/11/18
1541223000,36,Fear,03/11/18
1541309400,41,Fear,04/11/18
1541395800,42,Fear,05/11/18
1541482200,42,Fear,06/11/18
1541568600,48,Neutral,07/11/18
1541655000,51,Neutral,08/11/18
1541741400,47,Neutral,09/11/18
1541827800,52,Neutral,10/11/18
1541914200,54,Neutral,11/11/18
1542000600,52,Neutral,12/11/18
1542087000,56,Greed,13/11/18
1542173400,49,Neutral,14/11/18
1542259800,28,Fear,15/11/18
1542346200,23,Extreme Fear,16/11/18
1542432600,24,Extreme Fear,17/11/18
1542519000,26,Fear,18/11/18
1542605400,28,Fear,19/11/18
1542691800,21,Extreme Fear,20/11/18
1542778200,15,Extreme Fear,21/11/18
1542864600,14,Extreme Fear,22/11/18
1542951000,12,Extreme Fear,23/11/18
1543037400,15,Extreme Fear,24/11/18
1543123800,9,Extreme Fear,25/11/18
1543210200,17,Extreme Fear,26/11/18
1543296600,11,Extreme Fear,27/11/18
1543383000,14,Extreme Fear,28/11/18
1543469400,18,Extreme Fear,29/11/18
1543555800,19,Extreme Fear,30/11/18
1543642200,13,Extreme Fear,01/12/18
1543728600,15,Extreme Fear,02/12/18
1543815000,17,Extreme Fear,03/12/18
1543901400,12,Extreme Fear,04/12/18
1543987800,19,Extreme Fear,05/12/18
1544074200,13,Extreme Fear,06/12/18
1544160600,11,Extreme Fear,07/12/18
1544247000,11,Extreme Fear,08/12/18
1544333400,14,Extreme Fear,09/12/18
1544419800,19,Extreme Fear,10/12/18
1544506200,15,Extreme Fear,11/12/18
1544592600,14,Extreme Fear,12/12/18
1544679000,14,Extreme Fear,13/12/18
1544765400,10,Extreme Fear,14/12/18
1544851800,11,Extreme Fear,15/12/18
1544938200,13,Extreme Fear,16/12/18
1545024600,17,Extreme Fear,17/12/18
1545111000,23,Extreme Fear,18/12/18
1545197400,21,Extreme Fear,19/12/18
1545283800,27,Fear,20/12/18
1545370200,35,Fear,21/12/18
1545456600,28,Fear,22/12/18
1545543000,31,Fear,23/12/18
1545629400,25,Fear,24/12/18
1545715800,33,Fear,25/12/18
1545802200,26,Fear,26/12/18
1545888600,29,Fear,27/12/18
1545975000,21,Extreme Fear,28/12/18
1546061400,24,Extreme Fear,29/12/18
1546147800,23,Extreme Fear,30/12/18
1546234200,26,Fear,31/12/18
1546320600,24,Extreme Fear,01/01/19
1546407000,30,Fear,02/01/19
1546493400,33,Fear,03/01/19
1546579800,48,Neutral,04/01/19
1546666200,36,Fear,05/01/19
1546752600,31,Fear,06/01/19
1546839000,39,Fear,07/01/19
1546925400,39,Fear,08/01/19
1547011800,42,Fear,09/01/19
1547098200,37,Fear,10/01/19
1547184600,19,Extreme Fear,11/01/19
1547271000,22,Extreme Fear,12/01/19
1547357400,21,Extreme Fear,13/01/19
1547443800,16,Extreme Fear,14/01/19
1547530200,27,Fear,15/01/19
1547616600,24,Extreme Fear,16/01/19
1547703000,28,Fear,17/01/19
1547789400,29,Fear,18/01/19
1547875800,31,Fear,19/01/19
1547962200,35,Fear,20/01/19
1548048600,30,Fear,21/01/19
1548135000,27,Fear,22/01/19
1548221400,33,Fear,23/01/19
1548307800,37,Fear,24/01/19
1548394200,35,Fear,25/01/19
1548480600,41,Fear,26/01/19
1548567000,39,Fear,27/01/19
1548653400,35,Fear,28/01/19
1548739800,21,Extreme Fear,29/01/19
1548826200,22,Extreme Fear,30/01/19
1548912600,17,Extreme Fear,31/01/19
1548999000,23,Extreme Fear,01/02/19
1549085400,22,Extreme Fear,02/02/19
1549171800,19,Extreme Fear,03/02/19
1549258200,27,Fear,04/02/19
1549344600,21,Extreme Fear,05/02/19
1549431000,14,Extreme Fear,06/02/19
1549517400,18,Extreme Fear,07/02/19
1549603800,37,Fear,08/02/19
1549690200,42,Fear,09/02/19
1549776600,40,Fear,10/02/19
1549863000,46,Neutral,11/02/19
1549949400,38,Fear,12/02/19
1550035800,48,Neutral,13/02/19
1550122200,48,Neutral,14/02/19
1550208600,43,Fear,15/02/19
1550295000,43,Fear,16/02/19
1550381400,38,Fear,17/02/19
1550467800,63,Greed,18/02/19
1550554200,65,Greed,19/02/19
1550640600,59,Greed,20/02/19
1550727000,59,Greed,21/02/19
1550813400,61,Greed,22/02/19
1550899800,63,Greed,23/02/19
1550986200,69,Greed,24/02/19
1551072600,47,Neutral,25/02/19
1551159000,40,Fear,26/02/19
1551245400,39,Fear,27/02/19
1551331800,39,Fear,28/02/19
1551418200,42,Fear,01/03/19
1551504600,41,Fear,02/03/19
1551591000,44,Fear,03/03/19
1551677400,36,Fear,04/03/19
1551763800,35,Fear,05/03/19
1551850200,42,Fear,06/03/19
1551936600,56,Greed,07/03/19
1552023000,54,Neutral,08/03/19
1552109400,55,Greed,09/03/19
1552195800,55,Greed,10/03/19
1552282200,56,Greed,11/03/19
1552368600,56,Greed,12/03/19
1552455000,54,Neutral,13/03/19
1552541400,55,Greed,14/03/19
1552627800,55,Greed,15/03/19
1552714200,54,Neutral,16/03/19
1552800600,58,Greed,17/03/19
1552887000,56,Greed,18/03/19
1552973400,56,Greed,19/03/19
1553059800,55,Greed,20/03/19
1553146200,62,Greed,21/03/19
1553232600,56,Greed,22/03/19
1553319000,50,Neutral,23/03/19
1553405400,44,Fear,24/03/19
1553491800,46,Neutral,25/03/19
1553578200,43,Fear,26/03/19
1553664600,44,Fear,27/03/19
1553751000,49,Neutral,28/03/19
1553837400,50,Neutral,29/03/19
1553923800,57,Greed,30/03/19
1554010200,56,Greed,31/03/19
1554096600,62,Greed,01/04/19
1554183000,60,Greed,02/04/19
1554269400,71,Greed,03/04/19
1554355800,61,Greed,04/04/19
1554442200,59,Greed,05/04/19
1554528600,65,Greed,06/04/19
1554615000,69,Greed,07/04/19
1554701400,65,Greed,08/04/19
1554787800,64,Greed,09/04/19
1554874200,62,Greed,10/04/19
1554960600,65,Greed,11/04/19
1555047000,42,Fear,12/04/19
1555133400,62,Greed,13/04/19
1555219800,51,Neutral,14/04/19
1555306200,60,Greed,15/04/19
1555392600,50,Neutral,16/04/19
1555479000,61,Greed,17/04/19
1555565400,64,Greed,18/04/19
1555651800,61,Greed,19/04/19
1555738200,62,Greed,20/04/19
1555824600,62,Greed,21/04/19
1555911000,61,Greed,22/04/19
1555997400,68,Greed,23/04/19
1556083800,65,Greed,24/04/19
1556170200,58,Greed,25/04/19
1556256600,41,Fear,26/04/19
1556343000,42,Fear,27/04/19
1556429400,40,Fear,28/04/19
1556515800,42,Fear,29/04/19
1556602200,42,Fear,30/04/19
1556688600,51,Neutral,01/05/19
1556775000,50,Neutral,02/05/19
1556861400,63,Greed,03/05/19
1556947800,66,Greed,04/05/19
1557034200,67,Greed,05/05/19
1557120600,57,Greed,06/05/19
1557207000,69,Greed,07/05/19
1557293400,63,Greed,08/05/19
1557379800,69,Greed,09/05/19
1557466200,71,Greed,10/05/19
1557552600,76,Extreme Greed,11/05/19
1557639000,75,Extreme Greed,12/05/19
1557725400,78,Extreme Greed,13/05/19
1557811800,78,Extreme Greed,14/05/19
1557898200,77,Extreme Greed,15/05/19
1557984600,75,Extreme Greed,16/05/19
1558071000,65,Greed,17/05/19
1558157400,67,Greed,18/05/19
1558243800,70,Greed,19/05/19
1558330200,73,Greed,20/05/19
1558416600,68,Greed,21/05/19
1558503000,69,Greed,22/05/19
1558589400,65,Greed,23/05/19
1558675800,64,Greed,24/05/19
1558762200,69,Greed,25/05/19
1558848600,67,Greed,26/05/19
1558935000,70,Greed,27/05/19
1559021400,71,Greed,28/05/19
1559107800,71,Greed,29/05/19
1559194200,73,Greed,30/05/19
1559280600,61,Greed,31/05/19
1559367000,62,Greed,01/06/19
1559453400,63,Greed,02/06/19
1559539800,66,Greed,03/06/19
1559626200,42,Fear,04/06/19
1559712600,27,Fear,05/06/19
1559799000,34,Fear,06/06/19
1559885400,27,Fear,07/06/19
1559971800,62,Greed,08/06/19
1560058200,62,Greed,09/06/19
1560144600,46,Neutral,10/06/19
1560231000,61,Greed,11/06/19
1560317400,60,Greed,12/06/19
1560403800,63,Greed,13/06/19
1560490200,67,Greed,14/06/19
1560576600,75,Extreme Greed,15/06/19
1560663000,80,Extreme Greed,16/06/19
1560749400,84,Extreme Greed,17/06/19
1560835800,83,Extreme Greed,18/06/19
1560922200,82,Extreme Greed,19/06/19
1561008600,81,Extreme Greed,20/06/19
1561095000,84,Extreme Greed,21/06/19
1561181400,83,Extreme Greed,22/06/19
1561267800,84,Extreme Greed,23/06/19
1561354200,80,Extreme Greed,24/06/19
1561440600,87,Extreme Greed,25/06/19
1561527000,95,Extreme Greed,26/06/19
1561613400,92,Extreme Greed,27/06/19
1561699800,62,Greed,28/06/19
1561786200,74,Greed,29/06/19
1561872600,78,Extreme Greed,30/06/19
1561959000,65,Greed,01/07/19
1562045400,63,Greed,02/07/19
1562131800,79,Extreme Greed,03/07/19
1562218200,76,Extreme Greed,04/07/19
1562304600,67,Greed,05/07/19
1562391000,72,Greed,06/07/19
1562477400,67,Greed,07/07/19
1562563800,74,Greed,08/07/19
1562650200,84,Extreme Greed,09/07/19
1562736600,83,Extreme Greed,10/07/19
1562823000,62,Greed,11/07/19
1562909400,33,Fear,12/07/19
1562995800,65,Greed,13/07/19
1563082200,61,Greed,14/07/19
1563168600,16,Extreme Fear,15/07/19
1563255000,34,Fear,16/07/19
1563341400,19,Extreme Fear,17/07/19
1563427800,40,Fear,18/07/19
1563514200,42,Fear,19/07/19
1563600600,34,Fear,20/07/19
1563687000,42,Fear,21/07/19
1563773400,42,Fear,22/07/19
1563859800,40,Fear,23/07/19
1563946200,20,Extreme Fear,24/07/19
1564032600,42,Fear,25/07/19
1564119000,24,Extreme Fear,26/07/19
1564205400,47,Neutral,27/07/19
1564291800,16,Extreme Fear,28/07/19
1564378200,19,Extreme Fear,29/07/19
1564464600,22,Extreme Fear,30/07/19
1564551000,31,Fear,31/07/19
1564637400,57,Greed,01/08/19
1564723800,61,Greed,02/08/19
1564810200,61,Greed,03/08/19
1564896600,62,Greed,04/08/19
1564983000,64,Greed,05/08/19
1565069400,66,Greed,06/08/19
1565155800,45,Neutral,07/08/19
1565242200,61,Greed,08/08/19
1565328600,60,Greed,09/08/19
1565415000,59,Greed,10/08/19
1565501400,45,Neutral,11/08/19
1565587800,48,Neutral,12/08/19
1565674200,45,Neutral,13/08/19
1565760600,11,Extreme Fear,14/08/19
1565847000,13,Extreme Fear,15/08/19
1565933400,31,Fear,16/08/19
1566019800,20,Extreme Fear,17/08/19
1566106200,14,Extreme Fear,18/08/19
1566192600,30,Fear,19/08/19
1566279000,39,Fear,20/08/19
1566365400,11,Extreme Fear,21/08/19
1566451800,5,Extreme Fear,22/08/19
1566538200,33,Fear,23/08/19
1566624600,39,Fear,24/08/19
1566711000,33,Fear,25/08/19
1566797400,41,Fear,26/08/19
1566883800,30,Fear,27/08/19
1566970200,32,Fear,28/08/19
1567056600,20,Extreme Fear,29/08/19
1567143000,24,Extreme Fear,30/08/19
1567229400,20,Extreme Fear,31/08/19
1567315800,24,Extreme Fear,01/09/19
1567402200,28,Fear,02/09/19
1567488600,41,Fear,03/09/19
1567575000,43,Fear,04/09/19
1567661400,41,Fear,05/09/19
1567747800,43,Fear,06/09/19
1567834200,39,Fear,07/09/19
1567920600,43,Fear,08/09/19
1568007000,41,Fear,09/09/19
1568093400,41,Fear,10/09/19
1568179800,38,Fear,11/09/19
1568266200,39,Fear,12/09/19
1568352600,38,Fear,13/09/19
1568439000,39,Fear,14/09/19
1568525400,38,Fear,15/09/19
1568611800,38,Fear,16/09/19
1568698200,41,Fear,17/09/19
1568784600,38,Fear,18/09/19
1568871000,31,Fear,19/09/19
1568957400,41,Fear,20/09/19
1569043800,37,Fear,21/09/19
1569130200,37,Fear,22/09/19
1569216600,41,Fear,23/09/19
1569303000,39,Fear,24/09/19
1569389400,15,Extreme Fear,25/09/19
1569475800,12,Extreme Fear,26/09/19
1569562200,24,Extreme Fear,27/09/19
1569648600,32,Fear,28/09/19
1569735000,33,Fear,29/09/19
1569821400,27,Fear,30/09/19
1569907800,38,Fear,01/10/19
1569994200,39,Fear,02/10/19
1570080600,37,Fear,03/10/19
1570167000,30,Fear,04/10/19
1570253400,31,Fear,05/10/19
1570339800,32,Fear,06/10/19
1570426200,27,Fear,07/10/19
1570512600,39,Fear,08/10/19
1570599000,37,Fear,09/10/19
1570685400,41,Fear,10/10/19
1570771800,39,Fear,11/10/19
1570858200,38,Fear,12/10/19
1570944600,38,Fear,13/10/19
1571031000,37,Fear,14/10/19
1571117400,39,Fear,15/10/19
1571203800,40,Fear,16/10/19
1571290200,40,Fear,17/10/19
1571376600,40,Fear,18/10/19
1571463000,41,Fear,19/10/19
1571549400,37,Fear,20/10/19
1571635800,37,Fear,21/10/19
1571722200,39,Fear,22/10/19
1571808600,33,Fear,23/10/19
1571895000,20,Extreme Fear,24/10/19
1571981400,24,Extreme Fear,25/10/19
1572067800,53,Neutral,26/10/19
1572154200,50,Neutral,27/10/19
1572240600,52,Neutral,28/10/19
1572327000,54,Neutral,29/10/19
1572413400,53,Neutral,30/10/19
1572499800,50,Neutral,31/10/19
1572586200,49,Neutral,01/11/19
1572672600,51,Neutral,02/11/19
1572759000,56,Greed,03/11/19
1572845400,49,Neutral,04/11/19
1572931800,54,Neutral,05/11/19
1573018200,53,Neutral,06/11/19
1573104600,54,Neutral,07/11/19
1573191000,42,Fear,08/11/19
1573277400,38,Fear,09/11/19
1573363800,39,Fear,10/11/19
1573450200,40,Fear,11/11/19
1573536600,39,Fear,12/11/19
1573623000,38,Fear,13/11/19
1573709400,41,Fear,14/11/19
1573795800,38,Fear,15/11/19
1573882200,41,Fear,16/11/19
1573968600,38,Fear,17/11/19
1574055000,38,Fear,18/11/19
1574141400,32,Fear,19/11/19
1574227800,32,Fear,20/11/19
1574314200,30,Fear,21/11/19
1574400600,20,Extreme Fear,22/11/19
1574487000,23,Extreme Fear,23/11/19
1574573400,21,Extreme Fear,24/11/19
1574659800,17,Extreme Fear,25/11/19
1574746200,21,Extreme Fear,26/11/19
1574832600,20,Extreme Fear,27/11/19
1574919000,32,Fear,28/11/19
1575005400,31,Fear,29/11/19
1575091800,38,Fear,30/11/19
1575178200,25,Fear,01/12/19
1575264600,28,Fear,02/12/19
1575351000,28,Fear,03/12/19
1575437400,24,Extreme Fear,04/12/19
1575523800,21,Extreme Fear,05/12/19
1575610200,29,Fear,06/12/19
1575696600,32,Fear,07/12/19
1575783000,28,Fear,08/12/19
1575869400,32,Fear,09/12/19
1575955800,26,Fear,10/12/19
1576042200,20,Extreme Fear,11/12/19
1576128600,23,Extreme Fear,12/12/19
1576215000,22,Extreme Fear,13/12/19
1576301400,27,Fear,14/12/19
1576387800,21,Extreme Fear,15/12/19
1576474200,24,Extreme Fear,16/12/19
1576560600,23,Extreme Fear,17/12/19
1576647000,15,Extreme Fear,18/12/19
1576733400,21,Extreme Fear,19/12/19
1576819800,23,Extreme Fear,20/12/19
1576906200,23,Extreme Fear,21/12/19
1576992600,20,Extreme Fear,22/12/19
1577079000,33,Fear,23/12/19
1577165400,25,Fear,24/12/19
1577251800,22,Extreme Fear,25/12/19
1577338200,39,Fear,26/12/19
1577424600,38,Fear,27/12/19
1577511000,37,Fear,28/12/19
1577597400,37,Fear,29/12/19
1577683800,40,Fear,30/12/19
1577770200,38,Fear,31/12/19
1577856600,37,Fear,01/01/20
1577943000,39,Fear,02/01/20
1578029400,38,Fear,03/01/20
1578115800,38,Fear,04/01/20
1578202200,39,Fear,05/01/20
1578288600,41,Fear,06/01/20
1578375000,40,Fear,07/01/20
1578461400,51,Neutral,08/01/20
1578547800,44,Fear,09/01/20
1578634200,41,Fear,10/01/20
1578720600,50,Neutral,11/01/20
1578807000,45,Neutral,12/01/20
1578893400,49,Neutral,13/01/20
1578979800,56,Greed,14/01/20
1579066200,54,Neutral,15/01/20
1579152600,55,Greed,16/01/20
1579239000,54,Neutral,17/01/20
1579325400,51,Neutral,18/01/20
1579411800,53,Neutral,19/01/20
1579498200,48,Neutral,20/01/20
1579584600,49,Neutral,21/01/20
1579671000,52,Neutral,22/01/20
1579757400,49,Neutral,23/01/20
1579843800,40,Fear,24/01/20
1579930200,41,Fear,25/01/20
1580016600,42,Fear,26/01/20
1580103000,50,Neutral,27/01/20
1580189400,54,Neutral,28/01/20
1580275800,57,Greed,29/01/20
1580362200,57,Greed,30/01/20
1580448600,55,Greed,31/01/20
1580535000,57,Greed,01/02/20
1580621400,57,Greed,02/02/20
1580707800,59,Greed,03/02/20
1580794200,56,Greed,04/02/20
1580880600,53,Neutral,05/02/20
1580967000,61,Greed,06/02/20
1581053400,56,Greed,07/02/20
1581139800,56,Greed,08/02/20
1581226200,56,Greed,09/02/20
1581312600,57,Greed,10/02/20
1581399000,52,Neutral,11/02/20
1581485400,61,Greed,12/02/20
1581571800,65,Greed,13/02/20
1581658200,63,Greed,14/02/20
1581744600,64,Greed,15/02/20
1581831000,59,Greed,16/02/20
1581917400,49,Neutral,17/02/20
1582003800,53,Neutral,18/02/20
1582090200,50,Neutral,19/02/20
1582176600,44,Fear,20/02/20
1582263000,44,Fear,21/02/20
1582349400,43,Fear,22/02/20
1582435800,46,Neutral,23/02/20
1582522200,46,Neutral,24/02/20
1582608600,44,Fear,25/02/20
1582695000,41,Fear,26/02/20
1582781400,39,Fear,27/02/20
1582867800,40,Fear,28/02/20
1582954200,38,Fear,29/02/20
1583040600,39,Fear,01/03/20
1583127000,38,Fear,02/03/20
1583213400,38,Fear,03/03/20
1583299800,40,Fear,04/03/20
1583386200,41,Fear,05/03/20
1583472600,39,Fear,06/03/20
1583559000,38,Fear,07/03/20
1583645400,33,Fear,08/03/20
1583731800,17,Extreme Fear,09/03/20
1583818200,16,Extreme Fear,10/03/20
1583904600,17,Extreme Fear,11/03/20
1583991000,14,Extreme Fear,12/03/20
1584077400,10,Extreme Fear,13/03/20
1584163800,8,Extreme Fear,14/03/20
1584250200,12,Extreme Fear,15/03/20
1584336600,9,Extreme Fear,16/03/20
1584423000,8,Extreme Fear,17/03/20
1584509400,11,Extreme Fear,18/03/20
1584595800,12,Extreme Fear,19/03/20
1584682200,9,Extreme Fear,20/03/20
1584768600,9,Extreme Fear,21/03/20
1584855000,11,Extreme Fear,22/03/20
1584941400,10,Extreme Fear,23/03/20
1585027800,12,Extreme Fear,24/03/20
1585114200,13,Extreme Fear,25/03/20
1585200600,14,Extreme Fear,26/03/20
1585287000,12,Extreme Fear,27/03/20
1585373400,8,Extreme Fear,28/03/20
1585459800,12,Extreme Fear,29/03/20
1585546200,10,Extreme Fear,30/03/20
1585632600,12,Extreme Fear,31/03/20
1585719000,12,Extreme Fear,01/04/20
1585805400,14,Extreme Fear,02/04/20
1585891800,14,Extreme Fear,03/04/20
1585978200,12,Extreme Fear,04/04/20
1586064600,12,Extreme Fear,05/04/20
1586151000,12,Extreme Fear,06/04/20
1586237400,20,Extreme Fear,07/04/20
1586323800,21,Extreme Fear,08/04/20
1586410200,22,Extreme Fear,09/04/20
1586496600,15,Extreme Fear,10/04/20
1586583000,15,Extreme Fear,11/04/20
1586669400,10,Extreme Fear,12/04/20
1586755800,11,Extreme Fear,13/04/20
1586842200,15,Extreme Fear,14/04/20
1586928600,18,Extreme Fear,15/04/20
1587015000,13,Extreme Fear,16/04/20
1587101400,15,Extreme Fear,17/04/20
1587187800,18,Extreme Fear,18/04/20
1587274200,16,Extreme Fear,19/04/20
1587360600,15,Extreme Fear,20/04/20
1587447000,17,Extreme Fear,21/04/20
1587533400,19,Extreme Fear,22/04/20
1587619800,19,Extreme Fear,23/04/20
1587706200,20,Extreme Fear,24/04/20
1587792600,24,Extreme Fear,25/04/20
1587879000,21,Extreme Fear,26/04/20
1587965400,28,Fear,27/04/20
1588051800,26,Fear,28/04/20
1588138200,26,Fear,29/04/20
1588224600,44,Fear,30/04/20
1588311000,40,Fear,01/05/20
1588397400,40,Fear,02/05/20
1588483800,45,Neutral,03/05/20
1588570200,44,Fear,04/05/20
1588656600,40,Fear,05/05/20
1588743000,42,Fear,06/05/20
1588829400,49,Neutral,07/05/20
1588915800,55,Greed,08/05/20
1589002200,56,Greed,09/05/20
1589088600,48,Neutral,10/05/20
1589175000,40,Fear,11/05/20
1589261400,39,Fear,12/05/20
1589347800,41,Fear,13/05/20
1589434200,40,Fear,14/05/20
1589520600,44,Fear,15/05/20
1589607000,41,Fear,16/05/20
1589693400,40,Fear,17/05/20
1589779800,50,Neutral,18/05/20
1589866200,50,Neutral,19/05/20
1589952600,52,Neutral,20/05/20
1590039000,49,Neutral,21/05/20
1590125400,42,Fear,22/05/20
1590211800,40,Fear,23/05/20
1590298200,43,Fear,24/05/20
1590384600,41,Fear,25/05/20
1590471000,39,Fear,26/05/20
1590557400,39,Fear,27/05/20
1590643800,41,Fear,28/05/20
1590730200,48,Neutral,29/05/20
1590816600,48,Neutral,30/05/20
1590903000,51,Neutral,31/05/20
1590989400,50,Neutral,01/06/20
1591075800,56,Greed,02/06/20
1591162200,48,Neutral,03/06/20
1591248600,54,Neutral,04/06/20
1591335000,53,Neutral,05/06/20
1591421400,54,Neutral,06/06/20
1591507800,54,Neutral,07/06/20
1591594200,53,Neutral,08/06/20
1591680600,52,Neutral,09/06/20
1591767000,54,Neutral,10/06/20
1591853400,52,Neutral,11/06/20
1591939800,38,Fear,12/06/20
1592026200,38,Fear,13/06/20
1592112600,40,Fear,14/06/20
1592199000,37,Fear,15/06/20
1592285400,39,Fear,16/06/20
1592371800,38,Fear,17/06/20
1592458200,40,Fear,18/06/20
1592544600,39,Fear,19/06/20
1592631000,38,Fear,20/06/20
1592717400,37,Fear,21/06/20
1592803800,38,Fear,22/06/20
1592890200,41,Fear,23/06/20
1592976600,50,Neutral,24/06/20
1593063000,43,Fear,25/06/20
1593149400,40,Fear,26/06/20
1593235800,43,Fear,27/06/20
1593322200,40,Fear,28/06/20
1593408600,41,Fear,29/06/20
1593495000,44,Fear,30/06/20
1593581400,42,Fear,01/07/20
1593667800,42,Fear,02/07/20
1593754200,41,Fear,03/07/20
1593840600,40,Fear,04/07/20
1593927000,38,Fear,05/07/20
1594013400,40,Fear,06/07/20
1594099800,43,Fear,07/07/20
1594186200,44,Fear,08/07/20
1594272600,44,Fear,09/07/20
1594359000,41,Fear,10/07/20
1594445400,44,Fear,11/07/20
1594531800,41,Fear,12/07/20
1594618200,43,Fear,13/07/20
1594704600,43,Fear,14/07/20
1594791000,44,Fear,15/07/20
1594877400,43,Fear,16/07/20
1594963800,41,Fear,17/07/20
1595050200,44,Fear,18/07/20
1595136600,41,Fear,19/07/20
1595223000,44,Fear,20/07/20
1595309400,44,Fear,21/07/20
1595395800,50,Neutral,22/07/20
1595482200,55,Greed,23/07/20
1595568600,53,Neutral,24/07/20
1595655000,55,Greed,25/07/20
1595741400,55,Greed,26/07/20
1595827800,58,Greed,27/07/20
1595914200,76,Extreme Greed,28/07/20
1596000600,71,Greed,29/07/20
1596087000,76,Extreme Greed,30/07/20
1596173400,75,Extreme Greed,31/07/20
1596259800,75,Extreme Greed,01/08/20
1596346200,80,Extreme Greed,02/08/20
1596432600,75,Extreme Greed,03/08/20
1596519000,72,Greed,04/08/20
1596605400,75,Extreme Greed,05/08/20
1596691800,79,Extreme Greed,06/08/20
1596778200,77,Extreme Greed,07/08/20
1596864600,77,Extreme Greed,08/08/20
1596951000,79,Extreme Greed,09/08/20
1597037400,78,Extreme Greed,10/08/20
1597123800,84,Extreme Greed,11/08/20
1597210200,75,Extreme Greed,12/08/20
1597296600,75,Extreme Greed,13/08/20
1597383000,78,Extreme Greed,14/08/20
1597469400,79,Extreme Greed,15/08/20
1597555800,82,Extreme Greed,16/08/20
1597642200,83,Extreme Greed,17/08/20
1597728600,82,Extreme Greed,18/08/20
1597815000,80,Extreme Greed,19/08/20
1597901400,75,Extreme Greed,20/08/20
1597987800,81,Extreme Greed,21/08/20
1598074200,78,Extreme Greed,22/08/20
1598160600,76,Extreme Greed,23/08/20
1598247000,78,Extreme Greed,24/08/20
1598333400,75,Extreme Greed,25/08/20
1598419800,76,Extreme Greed,26/08/20
1598506200,75,Extreme Greed,27/08/20
1598592600,74,Greed,28/08/20
1598679000,79,Extreme Greed,29/08/20
1598765400,75,Extreme Greed,30/08/20
1598851800,75,Extreme Greed,31/08/20
1598938200,75,Extreme Greed,01/09/20
1599024600,83,Extreme Greed,02/09/20
1599111000,79,Extreme Greed,03/09/20
1599197400,40,Fear,04/09/20
1599283800,41,Fear,05/09/20
1599370200,41,Fear,06/09/20
1599456600,41,Fear,07/09/20
1599543000,41,Fear,08/09/20
1599629400,38,Fear,09/09/20
1599715800,38,Fear,10/09/20
1599802200,41,Fear,11/09/20
1599888600,41,Fear,12/09/20
1599975000,38,Fear,13/09/20
1600061400,39,Fear,14/09/20
1600147800,47,Neutral,15/09/20
1600234200,43,Fear,16/09/20
1600320600,48,Neutral,17/09/20
1600407000,49,Neutral,18/09/20
1600493400,48,Neutral,19/09/20
1600579800,52,Neutral,20/09/20
1600666200,48,Neutral,21/09/20
1600752600,39,Fear,22/09/20
1600839000,43,Fear,23/09/20
1600925400,39,Fear,24/09/20
1601011800,46,Neutral,25/09/20
1601098200,45,Neutral,26/09/20
1601184600,47,Neutral,27/09/20
1601271000,43,Fear,28/09/20
1601357400,45,Neutral,29/09/20
1601443800,49,Neutral,30/09/20
1601530200,45,Neutral,01/10/20
1601616600,41,Fear,02/10/20
1601703000,40,Fear,03/10/20
1601789400,42,Fear,04/10/20
1601875800,42,Fear,05/10/20
1601962200,47,Neutral,06/10/20
1602048600,43,Fear,07/10/20
1602135000,46,Neutral,08/10/20
1602221400,48,Neutral,09/10/20
1602307800,53,Neutral,10/10/20
1602394200,55,Greed,11/10/20
1602480600,52,Neutral,12/10/20
1602567000,56,Greed,13/10/20
1602653400,53,Neutral,14/10/20
1602739800,56,Greed,15/10/20
1602826200,52,Neutral,16/10/20
1602912600,56,Greed,17/10/20
1602999000,55,Greed,18/10/20
1603085400,55,Greed,19/10/20
1603171800,56,Greed,20/10/20
1603258200,61,Greed,21/10/20
1603344600,73,Greed,22/10/20
1603431000,74,Greed,23/10/20
1603517400,73,Greed,24/10/20
1603603800,76,Extreme Greed,25/10/20
1603690200,75,Extreme Greed,26/10/20
1603776600,61,Greed,27/10/20
1603863000,70,Greed,28/10/20
1603949400,67,Greed,29/10/20
1604035800,74,Greed,30/10/20
1604122200,73,Greed,31/10/20
1604208600,72,Greed,01/11/20
1604295000,71,Greed,02/11/20
1604381400,71,Greed,03/11/20
1604467800,74,Greed,04/11/20
1604554200,72,Greed,05/11/20
1604640600,90,Extreme Greed,06/11/20
1604727000,88,Extreme Greed,07/11/20
1604813400,82,Extreme Greed,08/11/20
1604899800,90,Extreme Greed,09/11/20
1604986200,90,Extreme Greed,10/11/20
1605072600,86,Extreme Greed,11/11/20
1605159000,87,Extreme Greed,12/11/20
1605245400,89,Extreme Greed,13/11/20
1605331800,90,Extreme Greed,14/11/20
1605418200,86,Extreme Greed,15/11/20
1605504600,90,Extreme Greed,16/11/20
1605591000,86,Extreme Greed,17/11/20
1605677400,91,Extreme Greed,18/11/20
1605763800,94,Extreme Greed,19/11/20
1605850200,86,Extreme Greed,20/11/20
1605936600,91,Extreme Greed,21/11/20
1606023000,94,Extreme Greed,22/11/20
1606109400,90,Extreme Greed,23/11/20
1606195800,88,Extreme Greed,24/11/20
1606282200,94,Extreme Greed,25/11/20
1606368600,93,Extreme Greed,26/11/20
1606455000,86,Extreme Greed,27/11/20
1606541400,87,Extreme Greed,28/11/20
1606627800,89,Extreme Greed,29/11/20
1606714200,88,Extreme Greed,30/11/20
1606800600,95,Extreme Greed,01/12/20
1606887000,92,Extreme Greed,02/12/20
1606973400,92,Extreme Greed,03/12/20
1607059800,92,Extreme Greed,04/12/20
1607146200,93,Extreme Greed,05/12/20
1607232600,95,Extreme Greed,06/12/20
1607319000,94,Extreme Greed,07/12/20
1607405400,95,Extreme Greed,08/12/20
1607491800,86,Extreme Greed,09/12/20
1607578200,94,Extreme Greed,10/12/20
1607664600,89,Extreme Greed,11/12/20
1607751000,90,Extreme Greed,12/12/20
1607837400,91,Extreme Greed,13/12/20
1607923800,95,Extreme Greed,14/12/20
1608010200,91,Extreme Greed,15/12/20
1608096600,92,Extreme Greed,16/12/20
1608183000,92,Extreme Greed,17/12/20
1608269400,95,Extreme Greed,18/12/20
1608355800,93,Extreme Greed,19/12/20
1608442200,92,Extreme Greed,20/12/20
1608528600,92,Extreme Greed,21/12/20
1608615000,88,Extreme Greed,22/12/20
1608701400,93,Extreme Greed,23/12/20
1608787800,86,Extreme Greed,24/12/20
1608874200,94,Extreme Greed,25/12/20
1608960600,93,Extreme Greed,26/12/20
1609047000,91,Extreme Greed,27/12/20
1609133400,92,Extreme Greed,28/12/20
1609219800,91,Extreme Greed,29/12/20
1609306200,91,Extreme Greed,30/12/20
1609392600,95,Extreme Greed,31/12/20
1609479000,94,Extreme Greed,01/01/21
1609565400,94,Extreme Greed,02/01/21
1609651800,93,Extreme Greed,03/01/21
1609738200,94,Extreme Greed,04/01/21
1609824600,93,Extreme Greed,05/01/21
1609911000,95,Extreme Greed,06/01/21
1609997400,91,Extreme Greed,07/01/21
1610083800,93,Extreme Greed,08/01/21
1610170200,93,Extreme Greed,09/01/21
1610256600,94,Extreme Greed,10/01/21
1610343000,90,Extreme Greed,11/01/21
1610429400,84,Extreme Greed,12/01/21
1610515800,78,Extreme Greed,13/01/21
1610602200,83,Extreme Greed,14/01/21
1610688600,88,Extreme Greed,15/01/21
1610775000,84,Extreme Greed,16/01/21
1610861400,79,Extreme Greed,17/01/21
1610947800,79,Extreme Greed,18/01/21
1611034200,80,Extreme Greed,19/01/21
1611120600,78,Extreme Greed,20/01/21
1611207000,75,Extreme Greed,21/01/21
1611293400,40,Fear,22/01/21
1611379800,74,Greed,23/01/21
1611466200,70,Greed,24/01/21
1611552600,74,Greed,25/01/21
1611639000,71,Greed,26/01/21
1611725400,78,Extreme Greed,27/01/21
1611811800,55,Greed,28/01/21
1611898200,77,Extreme Greed,29/01/21
1611984600,76,Extreme Greed,30/01/21
1612071000,78,Extreme Greed,31/01/21
1612157400,77,Extreme Greed,01/02/21
1612243800,76,Extreme Greed,02/02/21
1612330200,78,Extreme Greed,03/02/21
1612416600,80,Extreme Greed,04/02/21
1612503000,81,Extreme Greed,05/02/21
1612589400,84,Extreme Greed,06/02/21
1612675800,86,Extreme Greed,07/02/21
1612762200,83,Extreme Greed,08/02/21
1612848600,95,Extreme Greed,09/02/21
1612935000,92,Extreme Greed,10/02/21
1613021400,93,Extreme Greed,11/02/21
1613107800,92,Extreme Greed,12/02/21
1613194200,92,Extreme Greed,13/02/21
1613280600,95,Extreme Greed,14/02/21
1613367000,93,Extreme Greed,15/02/21
1613453400,95,Extreme Greed,16/02/21
1613539800,95,Extreme Greed,17/02/21
1613626200,91,Extreme Greed,18/02/21
1613712600,93,Extreme Greed,19/02/21
1613799000,91,Extreme Greed,20/02/21
1613885400,91,Extreme Greed,21/02/21
1613971800,94,Extreme Greed,22/02/21
1614058200,94,Extreme Greed,23/02/21
1614144600,76,Extreme Greed,24/02/21
1614231000,79,Extreme Greed,25/02/21
1614317400,55,Greed,26/02/21
1614403800,56,Greed,27/02/21
1614490200,55,Greed,28/02/21
1614576600,38,Fear,01/03/21
1614663000,78,Extreme Greed,02/03/21
1614749400,78,Extreme Greed,03/03/21
1614835800,84,Extreme Greed,04/03/21
1614922200,77,Extreme Greed,05/03/21
1615008600,77,Extreme Greed,06/03/21
1615095000,76,Extreme Greed,07/03/21
1615181400,81,Extreme Greed,08/03/21
1615267800,81,Extreme Greed,09/03/21
1615354200,68,Greed,10/03/21
1615440600,73,Greed,11/03/21
1615527000,70,Greed,12/03/21
1615613400,74,Greed,13/03/21
1615699800,78,Extreme Greed,14/03/21
1615786200,76,Extreme Greed,15/03/21
1615872600,71,Greed,16/03/21
1615959000,71,Greed,17/03/21
1616045400,72,Greed,18/03/21
1616131800,71,Greed,19/03/21
1616218200,75,Extreme Greed,20/03/21
1616304600,73,Greed,21/03/21
1616391000,70,Greed,22/03/21
1616477400,66,Greed,23/03/21
1616563800,65,Greed,24/03/21
1616650200,60,Greed,25/03/21
1616736600,54,Neutral,26/03/21
1616823000,65,Greed,27/03/21
1616909400,74,Greed,28/03/21
1616995800,72,Greed,29/03/21
1617082200,72,Greed,30/03/21
1617168600,76,Extreme Greed,31/03/21
1617255000,74,Greed,01/04/21
1617341400,74,Greed,02/04/21
1617427800,73,Greed,03/04/21
1617514200,74,Greed,04/04/21
1617600600,71,Greed,05/04/21
1617687000,75,Extreme Greed,06/04/21
1617773400,72,Greed,07/04/21
1617859800,73,Greed,08/04/21
1617946200,70,Greed,09/04/21
1618032600,70,Greed,10/04/21
1618119000,76,Extreme Greed,11/04/21
1618205400,74,Greed,12/04/21
1618291800,74,Greed,13/04/21
1618378200,75,Extreme Greed,14/04/21
1618464600,79,Extreme Greed,15/04/21
1618551000,78,Extreme Greed,16/04/21
1618637400,76,Extreme Greed,17/04/21
1618723800,79,Extreme Greed,18/04/21
1618810200,74,Greed,19/04/21
1618896600,73,Greed,20/04/21
1618983000,73,Greed,21/04/21
1619069400,65,Greed,22/04/21
1619155800,55,Greed,23/04/21
1619242200,37,Fear,24/04/21
1619328600,31,Fear,25/04/21
1619415000,27,Fear,26/04/21
1619501400,50,Neutral,27/04/21
1619587800,59,Greed,28/04/21
1619674200,52,Neutral,29/04/21
1619760600,51,Neutral,30/04/21
1619847000,68,Greed,01/05/21
1619933400,66,Greed,02/05/21
1620019800,61,Greed,03/05/21
1620106200,68,Greed,04/05/21
1620192600,48,Neutral,05/05/21
1620279000,65,Greed,06/05/21
1620365400,64,Greed,07/05/21
1620451800,67,Greed,08/05/21
1620538200,73,Greed,09/05/21
1620624600,72,Greed,10/05/21
1620711000,61,Greed,11/05/21
1620797400,68,Greed,12/05/21
1620883800,31,Fear,13/05/21
1620970200,26,Fear,14/05/21
1621056600,27,Fear,15/05/21
1621143000,20,Extreme Fear,16/05/21
1621229400,27,Fear,17/05/21
1621315800,21,Extreme Fear,18/05/21
1621402200,23,Extreme Fear,19/05/21
1621488600,11,Extreme Fear,20/05/21
1621575000,19,Extreme Fear,21/05/21
1621661400,12,Extreme Fear,22/05/21
1621747800,14,Extreme Fear,23/05/21
1621834200,10,Extreme Fear,24/05/21
1621920600,22,Extreme Fear,25/05/21
1622007000,22,Extreme Fear,26/05/21
1622093400,27,Fear,27/05/21
1622179800,21,Extreme Fear,28/05/21
1622266200,18,Extreme Fear,29/05/21
1622352600,10,Extreme Fear,30/05/21
1622439000,18,Extreme Fear,31/05/21
1622525400,20,Extreme Fear,01/06/21
1622611800,23,Extreme Fear,02/06/21
1622698200,24,Extreme Fear,03/06/21
1622784600,27,Fear,04/06/21
1622871000,24,Extreme Fear,05/06/21
1622957400,17,Extreme Fear,06/06/21
1623043800,15,Extreme Fear,07/06/21
1623130200,13,Extreme Fear,08/06/21
1623216600,14,Extreme Fear,09/06/21
1623303000,21,Extreme Fear,10/06/21
1623389400,21,Extreme Fear,11/06/21
1623475800,28,Fear,12/06/21
1623562200,23,Extreme Fear,13/06/21
1623648600,28,Fear,14/06/21
1623735000,38,Fear,15/06/21
1623821400,33,Fear,16/06/21
1623907800,26,Fear,17/06/21
1623994200,25,Fear,18/06/21
1624080600,23,Extreme Fear,19/06/21
1624167000,21,Extreme Fear,20/06/21
1624253400,23,Extreme Fear,21/06/21
1624339800,10,Extreme Fear,22/06/21
1624426200,14,Extreme Fear,23/06/21
1624512600,22,Extreme Fear,24/06/21
1624599000,27,Fear,25/06/21
1624685400,20,Extreme Fear,26/06/21
1624771800,22,Extreme Fear,27/06/21
1624858200,25,Fear,28/06/21
1624944600,25,Fear,29/06/21
1625031000,28,Fear,30/06/21
1625117400,28,Fear,01/07/21
1625203800,21,Extreme Fear,02/07/21
1625290200,24,Extreme Fear,03/07/21
1625376600,27,Fear,04/07/21
1625463000,29,Fear,05/07/21
1625549400,20,Extreme Fear,06/07/21
1625635800,28,Fear,07/07/21
1625722200,20,Extreme Fear,08/07/21
1625808600,20,Extreme Fear,09/07/21
1625895000,20,Extreme Fear,10/07/21
1625981400,20,Extreme Fear,11/07/21
1626067800,25,Fear,12/07/21
1626154200,20,Extreme Fear,13/07/21
1626240600,21,Extreme Fear,14/07/21
1626327000,20,Extreme Fear,15/07/21
1626413400,22,Extreme Fear,16/07/21
1626499800,15,Extreme Fear,17/07/21
1626586200,19,Extreme Fear,18/07/21
1626672600,24,Extreme Fear,19/07/21
1626759000,19,Extreme Fear,20/07/21
1626845400,10,Extreme Fear,21/07/21
1626931800,21,Extreme Fear,22/07/21
1627018200,23,Extreme Fear,23/07/21
1627104600,22,Extreme Fear,24/07/21
1627191000,27,Fear,25/07/21
1627277400,26,Fear,26/07/21
1627363800,32,Fear,27/07/21
1627450200,50,Neutral,28/07/21
1627536600,50,Neutral,29/07/21
1627623000,53,Neutral,30/07/21
1627709400,60,Greed,31/07/21
1627795800,60,Greed,01/08/21
1627882200,48,Neutral,02/08/21
1627968600,48,Neutral,03/08/21
1628055000,42,Fear,04/08/21
1628141400,50,Neutral,05/08/21
1628227800,52,Neutral,06/08/21
1628314200,69,Greed,07/08/21
1628400600,74,Greed,08/08/21
1628487000,65,Greed,09/08/21
1628573400,71,Greed,10/08/21
1628659800,70,Greed,11/08/21
1628746200,70,Greed,12/08/21
1628832600,70,Greed,13/08/21
1628919000,76,Extreme Greed,14/08/21
1629005400,71,Greed,15/08/21
1629091800,72,Greed,16/08/21
1629178200,72,Greed,17/08/21
1629264600,73,Greed,18/08/21
1629351000,70,Greed,19/08/21
1629437400,70,Greed,20/08/21
1629523800,78,Extreme Greed,21/08/21
1629610200,76,Extreme Greed,22/08/21
1629696600,79,Extreme Greed,23/08/21
1629783000,79,Extreme Greed,24/08/21
1629869400,73,Greed,25/08/21
1629955800,75,Extreme Greed,26/08/21
1630042200,71,Greed,27/08/21
1630128600,78,Extreme Greed,28/08/21
1630215000,72,Greed,29/08/21
1630301400,73,Greed,30/08/21
1630387800,73,Greed,31/08/21
1630474200,71,Greed,01/09/21
1630560600,74,Greed,02/09/21
1630647000,74,Greed,03/09/21
1630733400,72,Greed,04/09/21
1630819800,73,Greed,05/09/21
1630906200,79,Extreme Greed,06/09/21
1630992600,79,Extreme Greed,07/09/21
1631079000,47,Neutral,08/09/21
1631165400,45,Neutral,09/09/21
1631251800,46,Neutral,10/09/21
1631338200,31,Fear,11/09/21
1631424600,32,Fear,12/09/21
1631511000,44,Fear,13/09/21
1631597400,30,Fear,14/09/21
1631683800,49,Neutral,15/09/21
1631770200,53,Neutral,16/09/21
1631856600,48,Neutral,17/09/21
1631943000,50,Neutral,18/09/21
1632029400,53,Neutral,19/09/21
1632115800,50,Neutral,20/09/21
1632202200,27,Fear,21/09/21
1632288600,21,Extreme Fear,22/09/21
1632375000,27,Fear,23/09/21
1632461400,33,Fear,24/09/21
1632547800,28,Fear,25/09/21
1632634200,27,Fear,26/09/21
1632720600,26,Fear,27/09/21
1632807000,25,Fear,28/09/21
1632893400,24,Extreme Fear,29/09/21
1632979800,20,Extreme Fear,30/09/21
1633066200,27,Fear,01/10/21
1633152600,54,Neutral,02/10/21
1633239000,49,Neutral,03/10/21
1633325400,54,Neutral,04/10/21
1633411800,59,Greed,05/10/21
1633498200,68,Greed,06/10/21
1633584600,76,Extreme Greed,07/10/21
1633671000,74,Greed,08/10/21
1633757400,72,Greed,09/10/21
1633843800,71,Greed,10/10/21
1633930200,71,Greed,11/10/21
1634016600,78,Extreme Greed,12/10/21
1634103000,70,Greed,13/10/21
1634189400,70,Greed,14/10/21
1634275800,71,Greed,15/10/21
1634362200,78,Extreme Greed,16/10/21
1634448600,79,Extreme Greed,17/10/21
1634535000,78,Extreme Greed,18/10/21
1634621400,75,Extreme Greed,19/10/21
1634707800,82,Extreme Greed,20/10/21
1634794200,84,Extreme Greed,21/10/21
1634880600,75,Extreme Greed,22/10/21
1634967000,74,Greed,23/10/21
1635053400,73,Greed,24/10/21
1635139800,72,Greed,25/10/21
1635226200,76,Extreme Greed,26/10/21
1635312600,73,Greed,27/10/21
1635399000,66,Greed,28/10/21
1635485400,70,Greed,29/10/21
1635571800,73,Greed,30/10/21
1635658200,74,Greed,31/10/21
1635744600,74,Greed,01/11/21
1635831000,73,Greed,02/11/21
1635917400,76,Extreme Greed,03/11/21
1636003800,73,Greed,04/11/21
1636090200,73,Greed,05/11/21
1636176600,71,Greed,06/11/21
1636263000,73,Greed,07/11/21
1636349400,75,Extreme Greed,08/11/21
1636435800,84,Extreme Greed,09/11/21
1636522200,75,Extreme Greed,10/11/21
1636608600,77,Extreme Greed,11/11/21
1636695000,74,Greed,12/11/21
1636781400,72,Greed,13/11/21
1636867800,74,Greed,14/11/21
1636954200,72,Greed,15/11/21
1637040600,71,Greed,16/11/21
1637127000,52,Neutral,17/11/21
1637213400,54,Neutral,18/11/21
1637299800,34,Fear,19/11/21
1637386200,43,Fear,20/11/21
1637472600,49,Neutral,21/11/21
1637559000,50,Neutral,22/11/21
1637645400,33,Fear,23/11/21
1637731800,42,Fear,24/11/21
1637818200,32,Fear,25/11/21
1637904600,47,Neutral,26/11/21
1637991000,21,Extreme Fear,27/11/21
1638077400,27,Fear,28/11/21
1638163800,33,Fear,29/11/21
1638250200,40,Fear,30/11/21
1638336600,34,Fear,01/12/21
1638423000,32,Fear,02/12/21
1638509400,31,Fear,03/12/21
1638595800,25,Fear,04/12/21
1638682200,18,Extreme Fear,05/12/21
1638768600,16,Extreme Fear,06/12/21
1638855000,25,Fear,07/12/21
1638941400,28,Fear,08/12/21
1639027800,29,Fear,09/12/21
1639114200,24,Extreme Fear,10/12/21
1639200600,16,Extreme Fear,11/12/21
1639287000,27,Fear,12/12/21
1639373400,28,Fear,13/12/21
1639459800,21,Extreme Fear,14/12/21
1639546200,28,Fear,15/12/21
1639632600,29,Fear,16/12/21
1639719000,23,Extreme Fear,17/12/21
1639805400,24,Extreme Fear,18/12/21
1639891800,29,Fear,19/12/21
1639978200,25,Fear,20/12/21
1640064600,27,Fear,21/12/21
1640151000,45,Neutral,22/12/21
1640237400,34,Fear,23/12/21
1640323800,41,Fear,24/12/21
1640410200,39,Fear,25/12/21
1640496600,37,Fear,26/12/21
1640583000,40,Fear,27/12/21
1640669400,41,Fear,28/12/21
1640755800,27,Fear,29/12/21
1640842200,22,Extreme Fear,30/12/21
1640928600,28,Fear,31/12/21
1641015000,21,Extreme Fear,01/01/22
1641101400,29,Fear,02/01/22
1641187800,29,Fear,03/01/22
1641274200,23,Extreme Fear,04/01/22
1641360600,24,Extreme Fear,05/01/22
1641447000,15,Extreme Fear,06/01/22
1641533400,18,Extreme Fear,07/01/22
1641619800,10,Extreme Fear,08/01/22
1641706200,23,Extreme Fear,09/01/22
1641792600,23,Extreme Fear,10/01/22
1641879000,21,Extreme Fear,11/01/22
1641965400,22,Extreme Fear,12/01/22
1642051800,21,Extreme Fear,13/01/22
1642138200,21,Extreme Fear,14/01/22
1642224600,23,Extreme Fear,15/01/22
1642311000,21,Extreme Fear,16/01/22
1642397400,22,Extreme Fear,17/01/22
1642483800,24,Extreme Fear,18/01/22
1642570200,24,Extreme Fear,19/01/22
1642656600,24,Extreme Fear,20/01/22
1642743000,19,Extreme Fear,21/01/22
1642829400,13,Extreme Fear,22/01/22
1642915800,11,Extreme Fear,23/01/22
1643002200,13,Extreme Fear,24/01/22
1643088600,12,Extreme Fear,25/01/22
1643175000,23,Extreme Fear,26/01/22
1643261400,20,Extreme Fear,27/01/22
1643347800,24,Extreme Fear,28/01/22
1643434200,24,Extreme Fear,29/01/22
1643520600,29,Fear,30/01/22
1643607000,20,Extreme Fear,31/01/22
1643693400,26,Fear,01/02/22
1643779800,28,Fear,02/02/22
1643866200,20,Extreme Fear,03/02/22
1643952600,20,Extreme Fear,04/02/22
1644039000,33,Fear,05/02/22
1644125400,37,Fear,06/02/22
1644211800,45,Neutral,07/02/22
1644298200,48,Neutral,08/02/22
1644384600,54,Neutral,09/02/22
1644471000,50,Neutral,10/02/22
1644557400,50,Neutral,11/02/22
1644643800,44,Fear,12/02/22
1644730200,44,Fear,13/02/22
1644816600,46,Neutral,14/02/22
1644903000,46,Neutral,15/02/22
1644989400,51,Neutral,16/02/22
1645075800,52,Neutral,17/02/22
1645162200,30,Fear,18/02/22
1645248600,25,Fear,19/02/22
1645335000,27,Fear,20/02/22
1645421400,25,Fear,21/02/22
1645507800,20,Extreme Fear,22/02/22
1645594200,25,Fear,23/02/22
1645680600,23,Extreme Fear,24/02/22
1645767000,27,Fear,25/02/22
1645853400,26,Fear,26/02/22
1645939800,26,Fear,27/02/22
1646026200,20,Extreme Fear,28/02/22
1646112600,51,Neutral,01/03/22
1646199000,52,Neutral,02/03/22
1646285400,39,Fear,03/03/22
1646371800,33,Fear,04/03/22
1646458200,22,Extreme Fear,05/03/22
1646544600,22,Extreme Fear,06/03/22
1646631000,23,Extreme Fear,07/03/22
1646717400,21,Extreme Fear,08/03/22
1646803800,22,Extreme Fear,09/03/22
1646890200,28,Fear,10/03/22
1646976600,22,Extreme Fear,11/03/22
1647063000,22,Extreme Fear,12/03/22
1647149400,21,Extreme Fear,13/03/22
1647235800,23,Extreme Fear,14/03/22
1647322200,21,Extreme Fear,15/03/22
1647408600,24,Extreme Fear,16/03/22
1647495000,27,Fear,17/03/22
1647581400,25,Fear,18/03/22
1647667800,28,Fear,19/03/22
1647754200,31,Fear,20/03/22
1647840600,30,Fear,21/03/22
1647927000,26,Fear,22/03/22
1648013400,31,Fear,23/03/22
1648099800,40,Fear,24/03/22
1648186200,47,Neutral,25/03/22
1648272600,51,Neutral,26/03/22
1648359000,49,Neutral,27/03/22
1648445400,60,Greed,28/03/22
1648531800,56,Greed,29/03/22
1648618200,55,Greed,30/03/22
1648704600,52,Neutral,31/03/22
1648791000,50,Neutral,01/04/22
1648877400,52,Neutral,02/04/22
1648963800,48,Neutral,03/04/22
1649050200,52,Neutral,04/04/22
1649136600,53,Neutral,05/04/22
1649223000,48,Neutral,06/04/22
1649309400,34,Fear,07/04/22
1649395800,37,Fear,08/04/22
1649482200,30,Fear,09/04/22
1649568600,34,Fear,10/04/22
1649655000,32,Fear,11/04/22
1649741400,20,Extreme Fear,12/04/22
1649827800,25,Fear,13/04/22
1649914200,28,Fear,14/04/22
1650000600,22,Extreme Fear,15/04/22
1650087000,28,Fear,16/04/22
1650173400,28,Fear,17/04/22
1650259800,24,Extreme Fear,18/04/22
1650346200,27,Fear,19/04/22
1650432600,27,Fear,20/04/22
1650519000,27,Fear,21/04/22
1650605400,26,Fear,22/04/22
1650691800,24,Extreme Fear,23/04/22
1650778200,24,Extreme Fear,24/04/22
1650864600,23,Extreme Fear,25/04/22
1650951000,27,Fear,26/04/22
1651037400,21,Extreme Fear,27/04/22
1651123800,24,Extreme Fear,28/04/22
1651210200,23,Extreme Fear,29/04/22
1651296600,20,Extreme Fear,30/04/22
1651383000,22,Extreme Fear,01/05/22
1651469400,28,Fear,02/05/22
1651555800,27,Fear,03/05/22
1651642200,21,Extreme Fear,04/05/22
1651728600,27,Fear,05/05/22
1651815000,22,Extreme Fear,06/05/22
1651901400,23,Extreme Fear,07/05/22
1651987800,18,Extreme Fear,08/05/22
1652074200,11,Extreme Fear,09/05/22
1652160600,10,Extreme Fear,10/05/22
1652247000,12,Extreme Fear,11/05/22
1652333400,12,Extreme Fear,12/05/22
1652419800,10,Extreme Fear,13/05/22
1652506200,9,Extreme Fear,14/05/22
1652592600,10,Extreme Fear,15/05/22
1652679000,14,Extreme Fear,16/05/22
1652765400,8,Extreme Fear,17/05/22
1652851800,12,Extreme Fear,18/05/22
1652938200,13,Extreme Fear,19/05/22
1653024600,13,Extreme Fear,20/05/22
1653111000,13,Extreme Fear,21/05/22
1653197400,14,Extreme Fear,22/05/22
1653283800,10,Extreme Fear,23/05/22
1653370200,12,Extreme Fear,24/05/22
1653456600,11,Extreme Fear,25/05/22
1653543000,12,Extreme Fear,26/05/22
1653629400,12,Extreme Fear,27/05/22
1653715800,13,Extreme Fear,28/05/22
1653802200,14,Extreme Fear,29/05/22
1653888600,10,Extreme Fear,30/05/22
1653975000,16,Extreme Fear,31/05/22
1654061400,17,Extreme Fear,01/06/22
1654147800,13,Extreme Fear,02/06/22
1654234200,10,Extreme Fear,03/06/22
1654320600,14,Extreme Fear,04/06/22
1654407000,10,Extreme Fear,05/06/22
1654493400,13,Extreme Fear,06/06/22
1654579800,15,Extreme Fear,07/06/22
1654666200,17,Extreme Fear,08/06/22
1654752600,11,Extreme Fear,09/06/22
1654839000,13,Extreme Fear,10/06/22
1654925400,12,Extreme Fear,11/06/22
1655011800,14,Extreme Fear,12/06/22
1655098200,11,Extreme Fear,13/06/22
1655184600,8,Extreme Fear,14/06/22
1655271000,7,Extreme Fear,15/06/22
1655357400,7,Extreme Fear,16/06/22
1655443800,9,Extreme Fear,17/06/22
1655530200,6,Extreme Fear,18/06/22
1655616600,6,Extreme Fear,19/06/22
1655703000,9,Extreme Fear,20/06/22
1655789400,9,Extreme Fear,21/06/22
1655875800,11,Extreme Fear,22/06/22
1655962200,11,Extreme Fear,23/06/22
1656048600,11,Extreme Fear,24/06/22
1656135000,14,Extreme Fear,25/06/22
1656221400,14,Extreme Fear,26/06/22
1656307800,12,Extreme Fear,27/06/22
1656394200,10,Extreme Fear,28/06/22
1656480600,13,Extreme Fear,29/06/22
1656567000,11,Extreme Fear,30/06/22
1656653400,11,Extreme Fear,01/07/22
1656739800,14,Extreme Fear,02/07/22
1656826200,11,Extreme Fear,03/07/22
1656912600,14,Extreme Fear,04/07/22
1656999000,19,Extreme Fear,05/07/22
1657085400,18,Extreme Fear,06/07/22
1657171800,18,Extreme Fear,07/07/22
1657258200,20,Extreme Fear,08/07/22
1657344600,24,Extreme Fear,09/07/22
1657431000,24,Extreme Fear,10/07/22
1657517400,22,Extreme Fear,11/07/22
1657603800,16,Extreme Fear,12/07/22
1657690200,15,Extreme Fear,13/07/22
1657776600,18,Extreme Fear,14/07/22
1657863000,15,Extreme Fear,15/07/22
1657949400,21,Extreme Fear,16/07/22
1658035800,24,Extreme Fear,17/07/22
1658122200,20,Extreme Fear,18/07/22
1658208600,30,Fear,19/07/22
1658295000,31,Fear,20/07/22
1658381400,34,Fear,21/07/22
1658467800,33,Fear,22/07/22
1658554200,31,Fear,23/07/22
1658640600,30,Fear,24/07/22
1658727000,30,Fear,25/07/22
1658813400,26,Fear,26/07/22
1658899800,28,Fear,27/07/22
1658986200,32,Fear,28/07/22
1659072600,39,Fear,29/07/22
1659159000,42,Fear,30/07/22
1659245400,39,Fear,31/07/22
1659331800,33,Fear,01/08/22
1659418200,31,Fear,02/08/22
1659504600,34,Fear,03/08/22
1659591000,30,Fear,04/08/22
1659677400,31,Fear,05/08/22
1659763800,31,Fear,06/08/22
1659850200,30,Fear,07/08/22
1659936600,30,Fear,08/08/22
1660023000,42,Fear,09/08/22
1660109400,31,Fear,10/08/22
1660195800,41,Fear,11/08/22
1660282200,42,Fear,12/08/22
1660368600,46,Neutral,13/08/22
1660455000,47,Neutral,14/08/22
1660541400,45,Neutral,15/08/22
1660627800,44,Fear,16/08/22
1660714200,41,Fear,17/08/22
1660800600,30,Fear,18/08/22
1660887000,33,Fear,19/08/22
1660973400,29,Fear,20/08/22
1661059800,27,Fear,21/08/22
1661146200,29,Fear,22/08/22
1661232600,28,Fear,23/08/22
1661319000,25,Fear,24/08/22
1661405400,25,Fear,25/08/22
1661491800,27,Fear,26/08/22
1661578200,28,Fear,27/08/22
1661664600,28,Fear,28/08/22
1661751000,24,Extreme Fear,29/08/22
1661837400,27,Fear,30/08/22
1661923800,23,Extreme Fear,31/08/22
1662010200,20,Extreme Fear,01/09/22
1662096600,25,Fear,02/09/22
1662183000,21,Extreme Fear,03/09/22
1662269400,20,Extreme Fear,04/09/22
1662355800,23,Extreme Fear,05/09/22
1662442200,22,Extreme Fear,06/09/22
1662528600,24,Extreme Fear,07/09/22
1662615000,20,Extreme Fear,08/09/22
1662701400,22,Extreme Fear,09/09/22
1662787800,28,Fear,10/09/22
1662874200,26,Fear,11/09/22
1662960600,25,Fear,12/09/22
1663047000,34,Fear,13/09/22
1663133400,27,Fear,14/09/22
1663219800,28,Fear,15/09/22
1663306200,20,Extreme Fear,16/09/22
1663392600,22,Extreme Fear,17/09/22
1663479000,27,Fear,18/09/22
1663565400,21,Extreme Fear,19/09/22
1663651800,23,Extreme Fear,20/09/22
1663738200,23,Extreme Fear,21/09/22
1663824600,22,Extreme Fear,22/09/22
1663911000,20,Extreme Fear,23/09/22
1663997400,24,Extreme Fear,24/09/22
1664083800,24,Extreme Fear,25/09/22
1664170200,21,Extreme Fear,26/09/22
1664256600,20,Extreme Fear,27/09/22
1664343000,20,Extreme Fear,28/09/22
1664429400,22,Extreme Fear,29/09/22
1664515800,21,Extreme Fear,30/09/22
1664602200,20,Extreme Fear,01/10/22
1664688600,24,Extreme Fear,02/10/22
1664775000,24,Extreme Fear,03/10/22
1664861400,20,Extreme Fear,04/10/22
1664947800,25,Fear,05/10/22
1665034200,26,Fear,06/10/22
1665120600,23,Extreme Fear,07/10/22
1665207000,24,Extreme Fear,08/10/22
1665293400,22,Extreme Fear,09/10/22
1665379800,22,Extreme Fear,10/10/22
1665466200,24,Extreme Fear,11/10/22
1665552600,20,Extreme Fear,12/10/22
1665639000,20,Extreme Fear,13/10/22
1665725400,24,Extreme Fear,14/10/22
1665811800,24,Extreme Fear,15/10/22
1665898200,24,Extreme Fear,16/10/22
1665984600,20,Extreme Fear,17/10/22
1666071000,22,Extreme Fear,18/10/22
1666157400,23,Extreme Fear,19/10/22
1666243800,23,Extreme Fear,20/10/22
1666330200,23,Extreme Fear,21/10/22
1666416600,20,Extreme Fear,22/10/22
1666503000,23,Extreme Fear,23/10/22
1666589400,22,Extreme Fear,24/10/22
1666675800,20,Extreme Fear,25/10/22
1666762200,33,Fear,26/10/22
1666848600,32,Fear,27/10/22
1666935000,30,Fear,28/10/22
1667021400,34,Fear,29/10/22
1667107800,34,Fear,30/10/22
1667194200,31,Fear,31/10/22
1667280600,30,Fear,01/11/22
1667367000,30,Fear,02/11/22
1667453400,30,Fear,03/11/22
1667539800,30,Fear,04/11/22
1667626200,38,Fear,05/11/22
1667712600,40,Fear,06/11/22
1667799000,33,Fear,07/11/22
1667885400,31,Fear,08/11/22
1667971800,29,Fear,09/11/22
1668058200,22,Extreme Fear,10/11/22
1668144600,25,Fear,11/11/22
1668231000,21,Extreme Fear,12/11/22
1668317400,22,Extreme Fear,13/11/22
1668403800,24,Extreme Fear,14/11/22
1668490200,22,Extreme Fear,15/11/22
1668576600,23,Extreme Fear,16/11/22
1668663000,20,Extreme Fear,17/11/22
1668749400,23,Extreme Fear,18/11/22
1668835800,23,Extreme Fear,19/11/22
1668922200,24,Extreme Fear,20/11/22
1669008600,21,Extreme Fear,21/11/22
1669095000,22,Extreme Fear,22/11/22
1669181400,22,Extreme Fear,23/11/22
1669267800,20,Extreme Fear,24/11/22
1669354200,20,Extreme Fear,25/11/22
1669440600,22,Extreme Fear,26/11/22
1669527000,26,Fear,27/11/22
1669613400,28,Fear,28/11/22
1669699800,26,Fear,29/11/22
1669786200,29,Fear,30/11/22
1669872600,27,Fear,01/12/22
1669959000,27,Fear,02/12/22
1670045400,27,Fear,03/12/22
1670131800,26,Fear,04/12/22
1670218200,26,Fear,05/12/22
1670304600,25,Fear,06/12/22
1670391000,29,Fear,07/12/22
1670477400,25,Fear,08/12/22
1670563800,26,Fear,09/12/22
1670650200,27,Fear,10/12/22
1670736600,26,Fear,11/12/22
1670823000,27,Fear,12/12/22
1670909400,27,Fear,13/12/22
1670995800,30,Fear,14/12/22
1671082200,31,Fear,15/12/22
1671168600,29,Fear,16/12/22
1671255000,28,Fear,17/12/22
1671341400,26,Fear,18/12/22
1671427800,29,Fear,19/12/22
1671514200,29,Fear,20/12/22
1671600600,26,Fear,21/12/22
1671687000,28,Fear,22/12/22
1671773400,27,Fear,23/12/22
1671859800,29,Fear,24/12/22
1671946200,29,Fear,25/12/22
1672032600,28,Fear,26/12/22
1672119000,27,Fear,27/12/22
1672205400,28,Fear,28/12/22
1672291800,28,Fear,29/12/22
1672378200,28,Fear,30/12/22
1672464600,25,Fear,31/12/22
1672551000,26,Fear,01/01/23
1672637400,27,Fear,02/01/23
1672723800,26,Fear,03/01/23
1672810200,29,Fear,04/01/23
1672896600,29,Fear,05/01/23
1672983000,26,Fear,06/01/23
1673069400,25,Fear,07/01/23
1673155800,25,Fear,08/01/23
1673242200,25,Fear,09/01/23
1673328600,26,Fear,10/01/23
1673415000,26,Fear,11/01/23
1673501400,30,Fear,12/01/23
1673587800,31,Fear,13/01/23
1673674200,46,Neutral,14/01/23
1673760600,52,Neutral,15/01/23
1673847000,45,Neutral,16/01/23
1673933400,51,Neutral,17/01/23
1674019800,52,Neutral,18/01/23
1674106200,45,Neutral,19/01/23
1674192600,51,Neutral,20/01/23
1674279000,53,Neutral,21/01/23
1674365400,53,Neutral,22/01/23
1674451800,50,Neutral,23/01/23
1674538200,52,Neutral,24/01/23
1674624600,51,Neutral,25/01/23
1674711000,54,Neutral,26/01/23
1674797400,55,Greed,27/01/23
1674883800,52,Neutral,28/01/23
1674970200,55,Greed,29/01/23
1675056600,61,Greed,30/01/23
1675143000,51,Neutral,31/01/23
1675229400,56,Greed,01/02/23
1675315800,60,Greed,02/02/23
1675402200,60,Greed,03/02/23
1675488600,58,Greed,04/02/23
1675575000,58,Greed,05/02/23
1675661400,56,Greed,06/02/23
1675747800,54,Neutral,07/02/23
1675834200,58,Greed,08/02/23
1675920600,55,Greed,09/02/23
1676007000,48,Neutral,10/02/23
1676093400,49,Neutral,11/02/23
1676179800,50,Neutral,12/02/23
1676266200,48,Neutral,13/02/23
1676352600,50,Neutral,14/02/23
1676439000,53,Neutral,15/02/23
1676525400,62,Greed,16/02/23
1676611800,61,Greed,17/02/23
1676698200,60,Greed,18/02/23
1676784600,60,Greed,19/02/23
1676871000,58,Greed,20/02/23
1676957400,60,Greed,21/02/23
1677043800,59,Greed,22/02/23
1677130200,56,Greed,23/02/23
1677216600,53,Neutral,24/02/23
1677303000,52,Neutral,25/02/23
1677389400,51,Neutral,26/02/23
1677475800,50,Neutral,27/02/23
1677562200,53,Neutral,28/02/23
1677648600,50,Neutral,01/03/23
1677735000,51,Neutral,02/03/23
1677821400,50,Neutral,03/03/23
1677907800,50,Neutral,04/03/23
1677994200,47,Neutral,05/03/23
1678080600,48,Neutral,06/03/23
1678167000,49,Neutral,07/03/23
1678253400,50,Neutral,08/03/23
1678339800,44,Fear,09/03/23
1678426200,34,Fear,10/03/23
1678512600,33,Fear,11/03/23
1678599000,33,Fear,12/03/23
1678685400,49,Neutral,13/03/23
1678771800,56,Greed,14/03/23
1678858200,50,Neutral,15/03/23
1678944600,52,Neutral,16/03/23
1679031000,51,Neutral,17/03/23
1679117400,64,Greed,18/03/23
1679203800,63,Greed,19/03/23
1679290200,66,Greed,20/03/23
1679376600,68,Greed,21/03/23
1679463000,62,Greed,22/03/23
1679549400,57,Greed,23/03/23
1679635800,61,Greed,24/03/23
1679722200,64,Greed,25/03/23
1679808600,64,Greed,26/03/23
1679895000,64,Greed,27/03/23
1679981400,59,Greed,28/03/23
1680067800,57,Greed,29/03/23
1680154200,60,Greed,30/03/23
1680240600,63,Greed,31/03/23
1680327000,61,Greed,01/04/23
1680413400,63,Greed,02/04/23
1680499800,63,Greed,03/04/23
1680586200,62,Greed,04/04/23
1680672600,62,Greed,05/04/23
1680759000,63,Greed,06/04/23
1680845400,64,Greed,07/04/23
1680931800,61,Greed,08/04/23
1681018200,61,Greed,09/04/23
1681104600,62,Greed,10/04/23
1681191000,68,Greed,11/04/23
1681277400,65,Greed,12/04/23
1681363800,61,Greed,13/04/23
1681450200,68,Greed,14/04/23
1681536600,68,Greed,15/04/23
1681623000,68,Greed,16/04/23
1681709400,69,Greed,17/04/23
1681795800,58,Greed,18/04/23
1681882200,63,Greed,19/04/23
1681968600,52,Neutral,20/04/23
1682055000,50,Neutral,21/04/23
1682141400,53,Neutral,22/04/23
1682227800,56,Greed,23/04/23
1682314200,53,Neutral,24/04/23
1682400600,53,Neutral,25/04/23
1682487000,56,Greed,26/04/23
1682573400,59,Greed,27/04/23
1682659800,64,Greed,28/04/23
1682746200,64,Greed,29/04/23
1682832600,60,Greed,30/04/23
1682919000,63,Greed,01/05/23
1683005400,55,Greed,02/05/23
1683091800,64,Greed,03/05/23
1683178200,64,Greed,04/05/23
1683264600,61,Greed,05/05/23
1683351000,60,Greed,06/05/23
1683437400,64,Greed,07/05/23
1683523800,60,Greed,08/05/23
1683610200,51,Neutral,09/05/23
1683696600,52,Neutral,10/05/23
1683783000,52,Neutral,11/05/23
1683869400,49,Neutral,12/05/23
1683955800,48,Neutral,13/05/23
1684042200,48,Neutral,14/05/23
1684128600,50,Neutral,15/05/23
1684215000,54,Neutral,16/05/23
1684301400,50,Neutral,17/05/23
1684387800,51,Neutral,18/05/23
1684474200,48,Neutral,19/05/23
1684560600,48,Neutral,20/05/23
1684647000,52,Neutral,21/05/23
1684733400,49,Neutral,22/05/23
1684819800,50,Neutral,23/05/23
1684906200,50,Neutral,24/05/23
1684992600,51,Neutral,25/05/23
1685079000,49,Neutral,26/05/23
1685165400,48,Neutral,27/05/23
1685251800,50,Neutral,28/05/23
1685338200,52,Neutral,29/05/23
1685424600,51,Neutral,30/05/23
1685511000,51,Neutral,31/05/23
1685597400,52,Neutral,01/06/23
1685683800,50,Neutral,02/06/23
1685770200,53,Neutral,03/06/23
1685856600,52,Neutral,04/06/23
1685943000,53,Neutral,05/06/23
1686029400,44,Fear,06/06/23
1686115800,53,Neutral,07/06/23
1686202200,50,Neutral,08/06/23
1686288600,50,Neutral,09/06/23
1686375000,49,Neutral,10/06/23
1686461400,47,Neutral,11/06/23
1686547800,47,Neutral,12/06/23
1686634200,45,Neutral,13/06/23
1686720600,46,Neutral,14/06/23
1686807000,41,Fear,15/06/23
1686893400,47,Neutral,16/06/23
1686979800,47,Neutral,17/06/23
1687066200,49,Neutral,18/06/23
1687152600,47,Neutral,19/06/23
1687239000,49,Neutral,20/06/23
1687325400,59,Greed,21/06/23
1687411800,65,Greed,22/06/23
1687498200,65,Greed,23/06/23
1687584600,62,Greed,24/06/23
1687671000,64,Greed,25/06/23
1687757400,55,Greed,26/06/23
1687843800,59,Greed,27/06/23
1687930200,62,Greed,28/06/23
1688016600,54,Neutral,29/06/23
1688103000,56,Greed,30/06/23
1688189400,59,Greed,01/07/23
1688275800,63,Greed,02/07/23
1688362200,62,Greed,03/07/23
1688448600,64,Greed,04/07/23
1688535000,61,Greed,05/07/23
1688621400,56,Greed,06/07/23
1688707800,55,Greed,07/07/23
1688794200,58,Greed,08/07/23
1688880600,55,Greed,09/07/23
1688967000,56,Greed,10/07/23
1689053400,57,Greed,11/07/23
1689139800,64,Greed,12/07/23
1689226200,57,Greed,13/07/23
1689312600,60,Greed,14/07/23
1689399000,56,Greed,15/07/23
1689485400,57,Greed,16/07/23
1689571800,54,Neutral,17/07/23
1689658200,56,Greed,18/07/23
1689744600,50,Neutral,19/07/23
1689831000,56,Greed,20/07/23
1689917400,50,Neutral,21/07/23
1690003800,52,Neutral,22/07/23
1690090200,54,Neutral,23/07/23
1690176600,55,Greed,24/07/23
1690263000,50,Neutral,25/07/23
1690349400,51,Neutral,26/07/23
1690435800,51,Neutral,27/07/23
1690522200,52,Neutral,28/07/23
1690608600,52,Neutral,29/07/23
1690695000,52,Neutral,30/07/23
1690781400,50,Neutral,31/07/23
1690867800,53,Neutral,01/08/23
1690954200,53,Neutral,02/08/23
1691040600,52,Neutral,03/08/23
1691127000,54,Neutral,04/08/23
1691213400,50,Neutral,05/08/23
1691299800,49,Neutral,06/08/23
1691386200,49,Neutral,07/08/23
1691472600,54,Neutral,08/08/23
1691559000,50,Neutral,09/08/23
1691645400,53,Neutral,10/08/23
1691731800,51,Neutral,11/08/23
1691818200,54,Neutral,12/08/23
1691904600,54,Neutral,13/08/23
1691991000,50,Neutral,14/08/23
1692077400,53,Neutral,15/08/23
1692163800,52,Neutral,16/08/23
1692250200,50,Neutral,17/08/23
1692336600,37,Fear,18/08/23
1692423000,39,Fear,19/08/23
1692509400,37,Fear,20/08/23
1692595800,38,Fear,21/08/23
1692682200,37,Fear,22/08/23
1692768600,37,Fear,23/08/23
1692855000,41,Fear,24/08/23
1692941400,39,Fear,25/08/23
1693027800,38,Fear,26/08/23
1693114200,38,Fear,27/08/23
1693200600,39,Fear,28/08/23
1693287000,39,Fear,29/08/23
1693373400,49,Neutral,30/08/23
1693459800,52,Neutral,31/08/23
1693546200,40,Fear,01/09/23
1693632600,39,Fear,02/09/23
1693719000,40,Fear,03/09/23
1693805400,40,Fear,04/09/23
1693891800,40,Fear,05/09/23
1693978200,42,Fear,06/09/23
1694064600,41,Fear,07/09/23
1694151000,46,Neutral,08/09/23
1694237400,41,Fear,09/09/23
1694323800,40,Fear,10/09/23
1694410200,40,Fear,11/09/23
1694496600,30,Fear,12/09/23
1694583000,41,Fear,13/09/23
1694669400,45,Neutral,14/09/23
1694755800,45,Neutral,15/09/23
1694842200,43,Fear,16/09/23
1694928600,46,Neutral,17/09/23
1695015000,46,Neutral,18/09/23
1695101400,46,Neutral,19/09/23
1695187800,47,Neutral,20/09/23
1695274200,47,Neutral,21/09/23
1695360600,43,Fear,22/09/23
1695447000,47,Neutral,23/09/23
1695533400,44,Fear,24/09/23
1695619800,47,Neutral,25/09/23
1695706200,46,Neutral,26/09/23
1695792600,44,Fear,27/09/23
1695879000,46,Neutral,28/09/23
1695965400,48,Neutral,29/09/23
1696051800,47,Neutral,30/09/23
1696138200,48,Neutral,01/10/23
1696224600,50,Neutral,02/10/23
1696311000,50,Neutral,03/10/23
1696397400,49,Neutral,04/10/23
1696483800,48,Neutral,05/10/23
1696570200,50,Neutral,06/10/23
1696656600,49,Neutral,07/10/23
1696743000,50,Neutral,08/10/23
1696829400,50,Neutral,09/10/23
1696915800,50,Neutral,10/10/23
1697002200,47,Neutral,11/10/23
1697088600,45,Neutral,12/10/23
1697175000,44,Fear,13/10/23
1697261400,47,Neutral,14/10/23
1697347800,45,Neutral,15/10/23
1697434200,47,Neutral,16/10/23
1697520600,52,Neutral,17/10/23
1697607000,50,Neutral,18/10/23
1697693400,52,Neutral,19/10/23
1697779800,53,Neutral,20/10/23
1697866200,63,Greed,21/10/23
1697952600,53,Neutral,22/10/23
1698039000,53,Neutral,23/10/23
1698125400,66,Greed,24/10/23
1698211800,72,Greed,25/10/23
1698298200,71,Greed,26/10/23
1698384600,70,Greed,27/10/23
1698471000,65,Greed,28/10/23
1698557400,72,Greed,29/10/23
1698643800,68,Greed,30/10/23
1698730200,66,Greed,31/10/23
1698816600,66,Greed,01/11/23
1698903000,72,Greed,02/11/23
1698989400,65,Greed,03/11/23
1699075800,68,Greed,04/11/23
1699162200,70,Greed,05/11/23
1699248600,74,Greed,06/11/23
1699335000,68,Greed,07/11/23
1699421400,66,Greed,08/11/23
1699507800,69,Greed,09/11/23
1699594200,70,Greed,10/11/23
1699680600,70,Greed,11/11/23
1699767000,73,Greed,12/11/23
1699853400,72,Greed,13/11/23
1699939800,69,Greed,14/11/23
1700026200,60,Greed,15/11/23
1700112600,70,Greed,16/11/23
1700199000,63,Greed,17/11/23
1700285400,69,Greed,18/11/23
1700371800,66,Greed,19/11/23
1700458200,69,Greed,20/11/23
1700544600,71,Greed,21/11/23
1700631000,62,Greed,22/11/23
1700717400,66,Greed,23/11/23
1700803800,66,Greed,24/11/23
1700890200,73,Greed,25/11/23
1700976600,73,Greed,26/11/23
1701063000,66,Greed,27/11/23
1701149400,68,Greed,28/11/23
1701235800,72,Greed,29/11/23
1701322200,74,Greed,30/11/23
1701408600,71,Greed,01/12/23
1701495000,74,Greed,02/12/23
1701581400,73,Greed,03/12/23
1701667800,74,Greed,04/12/23
1701754200,75,Extreme Greed,05/12/23
1701840600,72,Greed,06/12/23
1701927000,72,Greed,07/12/23
1702013400,72,Greed,08/12/23
1702099800,73,Greed,09/12/23
1702186200,74,Greed,10/12/23
1702272600,74,Greed,11/12/23
1702359000,67,Greed,12/12/23
1702445400,65,Greed,13/12/23
1702531800,72,Greed,14/12/23
1702618200,70,Greed,15/12/23
1702704600,67,Greed,16/12/23
1702791000,73,Greed,17/12/23
1702877400,65,Greed,18/12/23
1702963800,73,Greed,19/12/23
1703050200,74,Greed,20/12/23
1703136600,70,Greed,21/12/23
1703223000,74,Greed,22/12/23
1703309400,70,Greed,23/12/23
1703395800,71,Greed,24/12/23
1703482200,73,Greed,25/12/23
1703568600,71,Greed,26/12/23
1703655000,73,Greed,27/12/23
1703741400,73,Greed,28/12/23
1703827800,65,Greed,29/12/23
1703914200,68,Greed,30/12/23
1704000600,67,Greed,31/12/23
1704087000,65,Greed,01/01/24
1704173400,71,Greed,02/01/24
1704259800,70,Greed,03/01/24
1704346200,68,Greed,04/01/24
1704432600,72,Greed,05/01/24
1704519000,70,Greed,06/01/24
1704605400,71,Greed,07/01/24
1704691800,71,Greed,08/01/24
1704778200,76,Extreme Greed,09/01/24
1704864600,73,Greed,10/01/24
1704951000,76,Extreme Greed,11/01/24
1705037400,71,Greed,12/01/24
1705123800,64,Greed,13/01/24
1705210200,60,Greed,14/01/24
1705296600,52,Neutral,15/01/24
1705383000,64,Greed,16/01/24
1705469400,60,Greed,17/01/24
1705555800,63,Greed,18/01/24
1705642200,51,Neutral,19/01/24
1705728600,52,Neutral,20/01/24
1705815000,56,Greed,21/01/24
1705901400,55,Greed,22/01/24
1705987800,50,Neutral,23/01/24
1706074200,48,Neutral,24/01/24
1706160600,52,Neutral,25/01/24
1706247000,49,Neutral,26/01/24
1706333400,55,Greed,27/01/24
1706419800,54,Neutral,28/01/24
1706506200,55,Greed,29/01/24
1706592600,61,Greed,30/01/24
1706679000,60,Greed,31/01/24
1706765400,63,Greed,01/02/24
1706851800,63,Greed,02/02/24
1706938200,60,Greed,03/02/24
1707024600,60,Greed,04/02/24
1707111000,60,Greed,05/02/24
1707197400,64,Greed,06/02/24
1707283800,62,Greed,07/02/24
1707370200,66,Greed,08/02/24
1707456600,72,Greed,09/02/24
1707543000,74,Greed,10/02/24
1707629400,71,Greed,11/02/24
1707715800,70,Greed,12/02/24
1707802200,79,Extreme Greed,13/02/24
1707888600,74,Greed,14/02/24
1707975000,72,Greed,15/02/24
1708061400,72,Greed,16/02/24
1708147800,76,Extreme Greed,17/02/24
1708234200,72,Greed,18/02/24
1708320600,75,Extreme Greed,19/02/24
1708407000,72,Greed,20/02/24
1708493400,78,Extreme Greed,21/02/24
1708579800,74,Greed,22/02/24
1708666200,76,Extreme Greed,23/02/24
1708752600,72,Greed,24/02/24
1708839000,74,Greed,25/02/24
1708925400,72,Greed,26/02/24
1709011800,79,Extreme Greed,27/02/24
1709098200,82,Extreme Greed,28/02/24
1709184600,80,Extreme Greed,29/02/24
1709271000,80,Extreme Greed,01/03/24
1709357400,80,Extreme Greed,02/03/24
1709443800,83,Extreme Greed,03/03/24
1709530200,82,Extreme Greed,04/03/24
1709616600,90,Extreme Greed,05/03/24
1709703000,75,Extreme Greed,06/03/24
1709789400,82,Extreme Greed,07/03/24
1709875800,81,Extreme Greed,08/03/24
1709962200,84,Extreme Greed,09/03/24
1710048600,79,Extreme Greed,10/03/24
1710135000,82,Extreme Greed,11/03/24
1710221400,81,Extreme Greed,12/03/24
1710307800,81,Extreme Greed,13/03/24
1710394200,88,Extreme Greed,14/03/24
1710480600,83,Extreme Greed,15/03/24
1710567000,81,Extreme Greed,16/03/24
1710653400,79,Extreme Greed,17/03/24
1710739800,77,Extreme Greed,18/03/24
1710826200,79,Extreme Greed,19/03/24
1710912600,74,Greed,20/03/24
1710999000,78,Extreme Greed,21/03/24
1711085400,75,Extreme Greed,22/03/24
1711171800,73,Greed,23/03/24
1711258200,74,Greed,24/03/24
1711344600,75,Extreme Greed,25/03/24
1711431000,81,Extreme Greed,26/03/24
1711517400,83,Extreme Greed,27/03/24
1711603800,80,Extreme Greed,28/03/24
1711690200,79,Extreme Greed,29/03/24
1711776600,75,Extreme Greed,30/03/24
1711863000,75,Extreme Greed,31/03/24
1711949400,79,Extreme Greed,01/04/24
1712035800,79,Extreme Greed,02/04/24
1712122200,71,Greed,03/04/24
1712208600,70,Greed,04/04/24
1712295000,79,Extreme Greed,05/04/24
1712381400,75,Extreme Greed,06/04/24
1712467800,78,Extreme Greed,07/04/24
1712554200,76,Extreme Greed,08/04/24
1712640600,80,Extreme Greed,09/04/24
1712727000,78,Extreme Greed,10/04/24
1712813400,76,Extreme Greed,11/04/24
1712899800,79,Extreme Greed,12/04/24
1712986200,72,Greed,13/04/24
1713072600,72,Greed,14/04/24
1713159000,74,Greed,15/04/24
1713245400,65,Greed,16/04/24
1713331800,67,Greed,17/04/24
1713418200,57,Greed,18/04/24
1713504600,66,Greed,19/04/24
1713591000,66,Greed,20/04/24
1713677400,72,Greed,21/04/24
1713763800,73,Greed,22/04/24
1713850200,71,Greed,23/04/24
1713936600,72,Greed,24/04/24
1714023000,72,Greed,25/04/24
1714109400,70,Greed,26/04/24
1714195800,67,Greed,27/04/24
1714282200,65,Greed,28/04/24
1714368600,67,Greed,29/04/24
1714455000,67,Greed,30/04/24
1714541400,54,Neutral,01/05/24
1714627800,43,Fear,02/05/24
1714714200,48,Neutral,03/05/24
1714800600,67,Greed,04/05/24
1714887000,69,Greed,05/05/24
1714973400,71,Greed,06/05/24
1715059800,68,Greed,07/05/24
1715146200,64,Greed,08/05/24
1715232600,55,Greed,09/05/24
1715319000,66,Greed,10/05/24
1715405400,53,Neutral,11/05/24
1715491800,56,Greed,12/05/24
1715578200,57,Greed,13/05/24
1715664600,66,Greed,14/05/24
1715751000,64,Greed,15/05/24
1715837400,70,Greed,16/05/24
1715923800,74,Greed,17/05/24
1716010200,73,Greed,18/05/24
1716096600,72,Greed,19/05/24
1716183000,70,Greed,20/05/24
1716269400,76,Extreme Greed,21/05/24
1716355800,76,Extreme Greed,22/05/24
1716442200,76,Extreme Greed,23/05/24
1716528600,74,Greed,24/05/24
1716615000,76,Extreme Greed,25/05/24
1716701400,75,Extreme Greed,26/05/24
1716787800,74,Greed,27/05/24
1716874200,72,Greed,28/05/24
1716960600,72,Greed,29/05/24
1717047000,73,Greed,30/05/24
1717133400,73,Greed,31/05/24
1717219800,72,Greed,01/06/24
1717306200,73,Greed,02/06/24
1717392600,73,Greed,03/06/24
1717479000,73,Greed,04/06/24
1717565400,75,Extreme Greed,05/06/24
1717651800,78,Extreme Greed,06/06/24
1717738200,77,Extreme Greed,07/06/24
1717824600,72,Greed,08/06/24
1717911000,75,Extreme Greed,09/06/24
1717997400,72,Greed,10/06/24
1718083800,74,Greed,11/06/24
1718170200,72,Greed,12/06/24
1718256600,70,Greed,13/06/24
1718343000,74,Greed,14/06/24
1718429400,74,Greed,15/06/24
1718515800,71,Greed,16/06/24
1718602200,71,Greed,17/06/24
1718688600,74,Greed,18/06/24
1718775000,64,Greed,19/06/24
1718861400,60,Greed,20/06/24
1718947800,63,Greed,21/06/24
1719034200,53,Neutral,22/06/24
1719120600,55,Greed,23/06/24
1719207000,51,Neutral,24/06/24
1719293400,30,Fear,25/06/24
1719379800,46,Neutral,26/06/24
1719466200,40,Fear,27/06/24
1719552600,47,Neutral,28/06/24
1719639000,30,Fear,29/06/24
1719725400,47,Neutral,30/06/24
1719811800,53,Neutral,01/07/24
1719898200,51,Neutral,02/07/24
1719984600,50,Neutral,03/07/24
1720071000,44,Fear,04/07/24
1720157400,29,Fear,05/07/24
1720243800,26,Fear,06/07/24
1720330200,29,Fear,07/07/24
1720416600,28,Fear,08/07/24
1720503000,27,Fear,09/07/24
1720589400,28,Fear,10/07/24
1720675800,29,Fear,11/07/24
1720762200,25,Fear,12/07/24
1720848600,25,Fear,13/07/24
1720935000,33,Fear,14/07/24
1721021400,52,Neutral,15/07/24
1721107800,65,Greed,16/07/24
1721194200,69,Greed,17/07/24
1721280600,61,Greed,18/07/24
1721367000,60,Greed,19/07/24
1721453400,74,Greed,20/07/24
1721539800,74,Greed,21/07/24
1721626200,70,Greed,22/07/24
1721712600,71,Greed,23/07/24
1721799000,69,Greed,24/07/24
1721885400,68,Greed,25/07/24
1721971800,68,Greed,26/07/24
1722058200,72,Greed,27/07/24
1722144600,71,Greed,28/07/24
1722231000,74,Greed,29/07/24
1722317400,67,Greed,30/07/24
1722403800,61,Greed,31/07/24
1722490200,52,Neutral,01/08/24
1722576600,57,Greed,02/08/24
1722663000,37,Fear,03/08/24
1722749400,34,Fear,04/08/24
1722835800,26,Fear,05/08/24
1722922200,17,Extreme Fear,06/08/24
1723008600,29,Fear,07/08/24
1723095000,20,Extreme Fear,08/08/24
1723181400,48,Neutral,09/08/24
1723267800,40,Fear,10/08/24
1723354200,39,Fear,11/08/24
1723440600,25,Fear,12/08/24
1723527000,31,Fear,13/08/24
1723613400,30,Fear,14/08/24
1723699800,29,Fear,15/08/24
1723786200,27,Fear,16/08/24
1723872600,25,Fear,17/08/24
1723959000,31,Fear,18/08/24
1724045400,28,Fear,19/08/24
1724131800,30,Fear,20/08/24
1724218200,26,Fear,21/08/24
1724304600,39,Fear,22/08/24
1724391000,34,Fear,23/08/24
1724477400,56,Greed,24/08/24
1724563800,54,Neutral,25/08/24
1724650200,55,Greed,26/08/24
1724736600,48,Neutral,27/08/24
1724823000,30,Fear,28/08/24
1724909400,29,Fear,29/08/24
1724995800,34,Fear,30/08/24
1725082200,29,Fear,31/08/24
1725168600,26,Fear,01/09/24
1725255000,26,Fear,02/09/24
1725341400,26,Fear,03/09/24
1725427800,27,Fear,04/09/24
1725514200,29,Fear,05/09/24
1725600600,22,Extreme Fear,06/09/24
1725687000,23,Extreme Fear,07/09/24
1725773400,29,Fear,08/09/24
1725859800,26,Fear,09/09/24
1725946200,33,Fear,10/09/24
1726032600,37,Fear,11/09/24
1726119000,31,Fear,12/09/24
1726205400,32,Fear,13/09/24
1726291800,50,Neutral,14/09/24
1726378200,51,Neutral,15/09/24
1726464600,39,Fear,16/09/24
1726551000,33,Fear,17/09/24
1726637400,45,Neutral,18/09/24
1726723800,49,Neutral,19/09/24
1726810200,54,Neutral,20/09/24
1726896600,54,Neutral,21/09/24
1726983000,52,Neutral,22/09/24
1727069400,50,Neutral,23/09/24
1727155800,54,Neutral,24/09/24
1727242200,59,Greed,25/09/24
1727328600,50,Neutral,26/09/24
1727415000,61,Greed,27/09/24
1727501400,64,Greed,28/09/24
1727587800,63,Greed,29/09/24
1727674200,61,Greed,30/09/24
1727760600,50,Neutral,01/10/24
1727847000,42,Fear,02/10/24
1727933400,37,Fear,03/10/24
1728019800,41,Fear,04/10/24
1728106200,49,Neutral,05/10/24
1728192600,50,Neutral,06/10/24
1728279000,50,Neutral,07/10/24
1728365400,49,Neutral,08/10/24
1728451800,49,Neutral,09/10/24
1728538200,39,Fear,10/10/24
1728624600,32,Fear,11/10/24
1728711000,49,Neutral,12/10/24
1728797400,50,Neutral,13/10/24
1728883800,48,Neutral,14/10/24
1728970200,65,Greed,15/10/24
1729056600,73,Greed,16/10/24
1729143000,71,Greed,17/10/24
1729229400,73,Greed,18/10/24
1729315800,72,Greed,19/10/24
1729402200,73,Greed,20/10/24
1729488600,72,Greed,21/10/24
1729575000,70,Greed,22/10/24
1729661400,71,Greed,23/10/24
1729747800,69,Greed,24/10/24
1729834200,72,Greed,25/10/24
1730007000,74,Greed,27/10/24
1730093400,72,Greed,28/10/24
1730179800,72,Greed,29/10/24
1730266200,77,Extreme Greed,30/10/24
1730352600,77,Extreme Greed,31/10/24
1730439000,75,Extreme Greed,01/11/24
1730525400,72,Greed,02/11/24
1730611800,74,Greed,03/11/24
1730698200,70,Greed,04/11/24
1730784600,70,Greed,05/11/24
1730871000,70,Greed,06/11/24
1730957400,77,Extreme Greed,07/11/24
1731043800,75,Extreme Greed,08/11/24
1731130200,75,Extreme Greed,09/11/24
1731216600,78,Extreme Greed,10/11/24
1731303000,76,Extreme Greed,11/11/24
1731389400,80,Extreme Greed,12/11/24
1731475800,84,Extreme Greed,13/11/24
1731562200,88,Extreme Greed,14/11/24
1731648600,80,Extreme Greed,15/11/24
1731735000,86,Extreme Greed,16/11/24
1731821400,90,Extreme Greed,17/11/24
1731907800,83,Extreme Greed,18/11/24
1731994200,90,Extreme Greed,19/11/24
1732080600,83,Extreme Greed,20/11/24
1732167000,82,Extreme Greed,21/11/24
1732253400,94,Extreme Greed,22/11/24
1732339800,93,Extreme Greed,23/11/24
1732426200,80,Extreme Greed,24/11/24
1732512600,82,Extreme Greed,25/11/24
1732599000,79,Extreme Greed,26/11/24
1732685400,75,Extreme Greed,27/11/24
1732771800,77,Extreme Greed,28/11/24
1732858200,78,Extreme Greed,29/11/24
1732944600,84,Extreme Greed,30/11/24
1733031000,81,Extreme Greed,01/12/24
1733117400,80,Extreme Greed,02/12/24
1733203800,76,Extreme Greed,03/12/24
1733290200,78,Extreme Greed,04/12/24
1733376600,84,Extreme Greed,05/12/24
1733463000,72,Greed,06/12/24
1733549400,75,Extreme Greed,07/12/24
1733635800,79,Extreme Greed,08/12/24
1733722200,78,Extreme Greed,09/12/24
1733808600,78,Extreme Greed,10/12/24
1733895000,74,Greed,11/12/24
1733981400,83,Extreme Greed,12/12/24
1734067800,76,Extreme Greed,13/12/24
1734154200,83,Extreme Greed,14/12/24
1734240600,80,Extreme Greed,15/12/24
1734327000,83,Extreme Greed,16/12/24
1734413400,87,Extreme Greed,17/12/24
1734499800,81,Extreme Greed,18/12/24
1734586200,75,Extreme Greed,19/12/24
1734672600,74,Greed,20/12/24
1734759000,73,Greed,21/12/24
1734845400,73,Greed,22/12/24
1734931800,70,Greed,23/12/24
1735018200,73,Greed,24/12/24
1735104600,73,Greed,25/12/24
1735191000,79,Extreme Greed,26/12/24
1735277400,74,Greed,27/12/24
1735363800,72,Greed,28/12/24
1735450200,73,Greed,29/12/24
1735536600,65,Greed,30/12/24
1735623000,64,Greed,31/12/24
1735709400,66,Greed,01/01/25
1735795800,70,Greed,02/01/25
1735882200,74,Greed,03/01/25
1735968600,73,Greed,04/01/25
1736055000,72,Greed,05/01/25
1736141400,76,Extreme Greed,06/01/25
1736227800,78,Extreme Greed,07/01/25
1736314200,70,Greed,08/01/25
1736400600,69,Greed,09/01/25
1736487000,50,Neutral,10/01/25
1736573400,69,Greed,11/01/25
1736659800,62,Greed,12/01/25
1736746200,61,Greed,13/01/25
1736832600,63,Greed,14/01/25
1736919000,70,Greed,15/01/25
1737005400,75,Extreme Greed,16/01/25
1737091800,75,Extreme Greed,17/01/25
1737178200,77,Extreme Greed,18/01/25
1737264600,77,Extreme Greed,19/01/25
1737351000,76,Extreme Greed,20/01/25
1737437400,76,Extreme Greed,21/01/25
1737523800,84,Extreme Greed,22/01/25
1737610200,75,Extreme Greed,23/01/25
1737696600,75,Extreme Greed,24/01/25
1737783000,75,Extreme Greed,25/01/25
1737869400,73,Greed,26/01/25
1737955800,71,Greed,27/01/25
1738042200,72,Greed,28/01/25
1738128600,72,Greed,29/01/25
1738215000,70,Greed,30/01/25
1738301400,76,Extreme Greed,31/01/25
1738387800,68,Greed,01/02/25
1738474200,60,Greed,02/02/25
1738560600,44,Fear,03/02/25
1738647000,72,Greed,04/02/25
1738733400,54,Neutral,05/02/25
1738819800,49,Neutral,06/02/25
1738906200,44,Fear,07/02/25
1738992600,44,Fear,08/02/25
1739079000,46,Neutral,09/02/25
1739165400,43,Fear,10/02/25
1739251800,47,Neutral,11/02/25
1739338200,46,Neutral,12/02/25
1739424600,50,Neutral,13/02/25
1739511000,48,Neutral,14/02/25
1739597400,50,Neutral,15/02/25
1739683800,54,Neutral,16/02/25
1739770200,51,Neutral,17/02/25
1739856600,47,Neutral,18/02/25
1739943000,44,Fear,19/02/25
1740029400,49,Neutral,20/02/25
1740115800,55,Greed,21/02/25
1740202200,49,Neutral,22/02/25
1740288600,50,Neutral,23/02/25
1740375000,49,Neutral,24/02/25
1740461400,25,Fear,25/02/25
1740547800,21,Extreme Fear,26/02/25
1740634200,10,Extreme Fear,27/02/25
1740720600,16,Extreme Fear,28/02/25
1740807000,20,Extreme Fear,01/03/25
1740893400,26,Fear,02/03/25
1740979800,33,Fear,03/03/25
1741066200,15,Extreme Fear,04/03/25
1741152600,20,Extreme Fear,05/03/25
1741239000,25,Fear,06/03/25
1741325400,34,Fear,07/03/25
1741411800,28,Fear,08/03/25
1741498200,27,Fear,09/03/25
1741584600,20,Extreme Fear,10/03/25
1741671000,24,Extreme Fear,11/03/25
1741757400,34,Fear,12/03/25
1741843800,45,Neutral,13/03/25
1741930200,27,Fear,14/03/25
1742016600,46,Neutral,15/03/25
1742103000,30,Fear,16/03/25
1742189400,32,Fear,17/03/25
1742275800,34,Fear,18/03/25
1742362200,32,Fear,19/03/25
1742448600,49,Neutral,20/03/25
1742535000,31,Fear,21/03/25
1742621400,32,Fear,22/03/25
1742707800,30,Fear,23/03/25
1742794200,45,Neutral,24/03/25
1742880600,46,Neutral,25/03/25
1742967000,47,Neutral,26/03/25
1743053400,40,Fear,27/03/25
1743139800,44,Fear,28/03/25
1743226200,26,Fear,29/03/25
1743312600,32,Fear,30/03/25
1743399000,34,Fear,31/03/25
1743485400,34,Fear,01/04/25
1743571800,44,Fear,02/04/25
1743658200,25,Fear,03/04/25
1743744600,28,Fear,04/04/25
1743831000,30,Fear,05/04/25
1743917400,34,Fear,06/04/25
1744003800,23,Extreme Fear,07/04/25
1744090200,24,Extreme Fear,08/04/25
1744176600,18,Extreme Fear,09/04/25
1744263000,39,Fear,10/04/25
1744349400,25,Fear,11/04/25
1744435800,43,Fear,12/04/25
1744522200,45,Neutral,13/04/25
1744608600,31,Fear,14/04/25
1744695000,38,Fear,15/04/25
1744781400,29,Fear,16/04/25
1744867800,30,Fear,17/04/25
1744954200,33,Fear,18/04/25
1745040600,32,Fear,19/04/25
1745127000,37,Fear,20/04/25
1745213400,39,Fear,21/04/25
1745299800,47,Neutral,22/04/25
1745386200,72,Greed,23/04/25
1745472600,63,Greed,24/04/25
1745559000,60,Greed,25/04/25
1745645400,65,Greed,26/04/25
1745731800,61,Greed,27/04/25
1745818200,54,Neutral,28/04/25
1745904600,60,Greed,29/04/25
1745991000,56,Greed,30/04/25
1746077400,53,Neutral,01/05/25
1746163800,67,Greed,02/05/25